t,x,y,vx,vy,speed
98.33729600906372,470,494,0,-5,5.0
98.50381207466125,470,487,0,-42,42.0
98.67220902442932,473,483,17,-23,28.600699292150182
98.83949422836304,486,472,77,-65,100.7670581092849
98.99377298355103,512,442,168,-194,256.632032295269
99.14005398750305,529,439,116,-20,117.71151175649729
99.2965669631958,545,439,102,0,102.0
99.46616792678833,550,435,29,-23,37.013511046643494
99.63396716117859,555,443,29,47,55.226805085936306
99.80485796928406,559,447,23,23,32.526911934581186
99.9706962108612,559,444,0,-18,18.0
100.13709211349487,554,439,-30,-30,42.42640687119285
100.31620025634766,538,435,-89,-22,91.67878707749138
100.48639416694641,517,432,-123,-17,124.16923934694937
100.61240601539612,507,430,-79,-15,80.4114419718985
100.73783016204834,498,435,-71,39,81.00617260431454
100.9043459892273,488,447,-60,72,93.72299611087985
101.04005193710327,480,459,-58,88,105.39449701004318
101.20798993110657,488,470,47,65,80.2122185206219
101.40313410758972,505,476,87,30,92.02716990106781
101.55060124397278,509,475,27,-6,27.65863337187866
101.70877623558044,515,473,37,-12,38.897300677553446
101.84701800346375,521,470,43,-21,47.853944456021594
102.0160300731659,525,467,23,-17,28.600699292150182
102.2177140712738,530,468,24,4,24.331050121192877
102.37025618553162,554,478,157,65,169.9235122047564
102.53677725791931,569,476,90,-12,90.79647570252934
102.67249417304993,568,460,-7,-117,117.2092146548214
102.84924006462097,544,432,-135,-158,207.81963333621778
103.01513314247131,513,424,-186,-48,192.09372712298546
103.17495322227478,492,425,-131,6,131.13733259449805
103.34131407737732,474,443,-108,108,152.73506473629428
103.51059818267822,466,468,-47,147,154.33081351434652
103.68049001693726,465,486,-5,105,105.11898020814318
103.83785486221313,478,494,82,50,96.04165762834376
103.98057913780212,492,489,98,-35,104.06248123122954
104.14728307723999,507,460,89,-173,194.5507645834372
104.30560302734375,512,437,31,-145,148.2767682410161
104.47010517120361,515,420,18,-103,104.5609869884557
104.63743901252747,513,407,-11,-77,77.78174593052023
104.8092589378357,509,409,-23,11,25.495097567963924
104.9861969947815,494,435,-84,146,168.43990026119107
105.17007994651794,485,464,-48,157,164.17368851311102
105.3373851776123,480,481,-29,101,105.08092119885512
105.48093318939209,476,496,-27,104,107.44766167767449
105.6473331451416,475,503,-6,42,42.42640687119285
105.80754923820496,486,479,68,-149,163.783393541592
105.97560811042786,502,447,95,-190,212.42645786248002
106.16041111946106,514,428,64,-102,120.41594578792295
106.31306910514832,530,398,104,-196,221.8828519737386
106.47061491012573,542,378,76,-126,147.14618581533128
106.65454506874084,542,375,0,-16,16.0
106.8092908859253,528,395,-90,129,157.29272074701996
106.98597025871277,517,423,-62,158,169.72919607421701
107.15136909484863,511,445,-36,133,137.78606605894515
107.31216096878052,502,467,-55,136,146.70037491431302
107.48275017738342,492,492,-58,146,157.09869509324386
107.65186619758606,484,495,-47,17,49.9799959983992
107.81082320213318,489,468,31,-169,171.81967291320282
107.94972515106201,497,442,57,-187,195.49424543960367
108.10921120643616,497,426,0,-100,100.0
108.28754615783691,495,427,-11,5,12.083045973594572
108.44477891921997,488,439,-44,76,87.8179936004006
108.60375809669495,485,440,-18,6,18.973665961010276
108.77420425415039,489,438,23,-11,25.495097567963924
108.95271015167236,483,458,-33,112,116.76043850551436
109.12025499343872,467,488,-95,179,202.64747716169575
109.27917313575745,452,499,-94,69,116.60617479361889
109.44690704345703,448,479,-23,-119,121.2023102090055
109.61431384086609,462,454,83,-149,170.55790805471318
109.78078007698059,485,431,138,-138,195.16147160748713
109.947909116745,507,413,131,-107,169.14490828872147
110.11734294891357,530,410,135,-17,136.06616037795732
110.28575420379639,547,421,100,65,119.26860441876563
110.45732617378235,547,447,0,151,151.0
110.61298298835754,529,475,-115,179,212.7580785775243
110.78046989440918,495,486,-203,65,213.15252754776333
110.9481360912323,457,477,-226,-53,232.13142829009604
111.1162850856781,460,454,17,-136,137.05838172107534
111.28397798538208,483,430,137,-143,198.0353503796734
111.46385502815247,509,424,144,-33,147.73286702694156
111.62248492240906,560,422,321,-12,321.22422075553396
111.77719330787659,585,439,161,109,194.42736432920137
111.94891214370728,565,469,-116,174,209.1219739769114
112.11780309677124,533,476,-189,41,193.3959668659096
112.28764319419861,506,460,-158,-94,183.84776310850236
112.48148608207703,467,442,-201,-92,221.05429197371402
112.64816927909851,450,426,-101,-95,138.6578522839583
112.85249614715576,466,425,78,-4,78.10249675906654
113.02172112464905,495,429,171,23,172.53985046939155
113.17750811576843,528,429,211,0,211.0
113.32128930091858,551,420,159,-62,170.66048165876012
113.48857688903809,560,399,53,-125,135.77186748365804
113.67887711524963,543,387,-89,-63,109.04127658827184
113.85694622993469,522,395,-117,44,125.0
114.02624917030334,501,407,-124,70,142.3938200906205
114.1870231628418,483,425,-111,111,156.97770542341354
114.3314790725708,475,441,-55,110,122.98373876248843
114.48844623565674,472,467,-19,165,166.0903368652132
114.65464210510254,477,484,1,102,102.00490184299969
114.81204128265381,491,472,2391,-76,2392.207557884558
114.96528315544128,501,444,65,-182,193.25889371514057
115.15755009651184,513,413,62,-161,172.52536045462998
115.31573295593262,520,397,44,-101,110.16805344563369
115.48411011695862,520,390,0,-41,41.0
115.65469098091125,515,404,-29,82,86.97700845625813
115.85485887527466,498,438,-84,169,188.7246671741667
116.01768803596497,491,464,-42,159,164.45364088398895
116.18495416641235,484,478,-41,83,92.57429448826494
116.36663699150085,483,475,-5,-16,16.76305461424021
116.52154016494751,487,446,25,-187,188.66372200293304
116.68080997467041,492,426,31,-125,128.7866452703851
116.85014295578003,498,409,35,-100,105.94810050208545
117.02208995819092,497,398,-5,-63,63.198101237299845
117.20138907432556,493,394,-22,-22,31.11269837220809
117.36212611198425,481,382,-74,-74,104.65180361560904
117.51403594017029,472,372,-59,-65,87.78382538941898
117.69284009933472,472,372,0,0,0.0
117.8502209186554,483,389,69,108,128.16005617976296
118.01674318313599,495,422,72,198,210.68459839295326
118.19516706466675,508,453,72,173,187.3846311734236
118.35552930831909,523,454,93,6,93.1933474020544
118.52761912345886,531,423,46,-180,185.78482176970218
118.69441199302673,518,392,-77,-185,200.38463014912097
118.88496518135071,500,386,-94,-31,98.97979591815695
119.05189919471741,494,402,-35,95,101.24228365658294
119.23125696182251,493,436,-5,189,189.06612599828665
119.39822721481323,502,458,53,131,141.315250415516
119.56532597541809,528,446,155,-71,170.48753620133056
119.7254741191864,541,407,81,-243,256.1444904736387
119.89149618148804,530,385,-66,-132,147.58048651498612
120.05942702293396,511,386,-113,5,113.11056537742175
120.23094511032104,503,413,-46,157,163.6001222493431
120.4030430316925,508,434,29,122,125.39936203984452
120.56594395637512,523,450,92,98,134.41726079637243
120.75972294807434,542,437,98,-67,118.71394189394942
120.91955399513245,550,398,50,-244,249.07027120874943
121.08880305290222,544,371,-35,-159,162.8066337714775
121.2633490562439,526,384,-103,74,126.82665335015349
121.42039799690247,511,423,-95,248,265.5729654915952
121.59982419013977,513,444,11,117,117.51595636338071
121.7993791103363,535,454,110,50,120.83045973594572
121.95724201202393,567,412,202,-266,334.0059879702758
122.1259560585022,564,376,-17,-213,213.67732682715777
122.29586911201477,533,377,-182,5,182.0686683644388
122.46395993232727,514,404,-113,160,195.88006534611938
122.62264204025269,501,455,-81,321,331.0619277416236
122.80037307739258,515,483,78,157,175.30829986055994
122.95843029022217,535,476,126,-44,133.46160496562297
123.13791608810425,559,455,133,-117,177.1383639983163
123.3346300125122,570,414,1,-208,208.00240383226344
123.49164414405823,559,386,2774,-178,2779.7050203214008
123.66898202896118,541,384,-101,-11,101.59724405711013
123.82568430900574,528,417,-82,210,225.44178849538966
123.99776196479797,537,446,52,168,175.86358349584486
124.1659209728241,569,435,190,-65,200.81085628023203
124.33375215530396,585,401,95,-202,223.22410264126944
124.48939323425293,563,378,-141,-147,203.69094236121546
124.66243600845337,532,393,-179,86,198.58751219550538
124.82878994941711,527,424,-30,186,188.403821617291
125.00750827789307,531,449,22,139,140.73023839957068
125.16557502746582,548,452,107,18,108.50345616615168
125.33308696746826,570,426,131,-155,202.94334184693028
125.50138998031616,579,371,53,-326,330.28018408617856
125.69723105430603,540,352,-199,-97,221.38202275704322
125.86671996116638,517,383,-135,182,226.60317738284255
126.03528118133545,516,424,-5,243,243.0514348857048
126.19548320770264,532,445,99,131,164.20109622045769
126.37378716468811,562,438,168,-39,172.46738822165773
126.53198194503784,591,404,183,-214,281.5759222660915
126.70135402679443,604,366,76,-224,236.5417510715603
126.85915017127991,583,361,-133,-31,136.56500283747664
127.03760600090027,545,385,-212,134,250.79872407968904
127.20390510559082,529,425,-96,240,258.48791074245617
127.35997009277344,531,453,12,179,179.4017837146554
127.53707003593445,542,447,62,-33,70.2353187506115
127.6961419582367,551,431,56,-100,114.61239025515522
127.8665452003479,550,430,-5,-5,7.0710678118654755
128.0282371044159,550,429,0,-6,6.0
128.2368040084839,551,429,4,0,4.0
128.4049482345581,550,431,-5,11,12.083045973594572
128.5638861656189,551,429,6,-12,13.416407864998739
128.73224592208862,553,426,11,-17,20.248456731316587
128.89984607696533,552,436,-5,59,59.21148537234985
129.07011604309082,546,485,-35,287,289.1262699928874
129.23696613311768,548,515,11,179,179.3376703316958
129.40124106407166,535,692,-79,1077,1079.8935132687852
129.56716322898865,625,719,542,162,565.6924959728562
129.73584413528442,nan,nan,nan,nan,nan
129.80305099487305,nan,nan,nan,nan,nan
129.85931515693665,nan,nan,nan,nan,nan
129.9039249420166,nan,nan,nan,nan,nan
129.97122025489807,nan,nan,nan,nan,nan
130.0382308959961,nan,nan,nan,nan,nan
130.09392499923706,nan,nan,nan,nan,nan
130.14160299301147,nan,nan,nan,nan,nan
130.19406414031982,nan,nan,nan,nan,nan
130.2376561164856,nan,nan,nan,nan,nan
130.2932059764862,nan,nan,nan,nan,nan
130.3378448486328,nan,nan,nan,nan,nan
130.4030818939209,nan,nan,nan,nan,nan
130.45887899398804,nan,nan,nan,nan,nan
130.50366616249084,nan,nan,nan,nan,nan
130.57335710525513,nan,nan,nan,nan,nan
130.6374499797821,nan,nan,nan,nan,nan
130.70475792884827,nan,nan,nan,nan,nan
130.7710452079773,nan,nan,nan,nan,nan
130.83669900894165,nan,nan,nan,nan,nan
130.90400314331055,nan,nan,nan,nan,nan
130.95999884605408,nan,nan,nan,nan,nan
131.00851702690125,nan,nan,nan,nan,nan
131.06447410583496,nan,nan,nan,nan,nan
131.10845112800598,nan,nan,nan,nan,nan
131.16486287117004,nan,nan,nan,nan,nan
131.24239301681519,nan,nan,nan,nan,nan
131.29863810539246,nan,nan,nan,nan,nan
131.34555912017822,nan,nan,nan,nan,nan
131.40160822868347,nan,nan,nan,nan,nan
131.48071002960205,nan,nan,nan,nan,nan
131.53610587120056,nan,nan,nan,nan,nan
131.60376405715942,nan,nan,nan,nan,nan
131.67009711265564,nan,nan,nan,nan,nan
131.735032081604,nan,nan,nan,nan,nan
131.8016481399536,nan,nan,nan,nan,nan
131.8453550338745,nan,nan,nan,nan,nan
131.90096807479858,nan,nan,nan,nan,nan
131.96651411056519,nan,nan,nan,nan,nan
132.03288102149963,nan,nan,nan,nan,nan
132.0771062374115,nan,nan,nan,nan,nan
132.13341212272644,nan,nan,nan,nan,nan
132.17811393737793,nan,nan,nan,nan,nan
132.23446226119995,nan,nan,nan,nan,nan
132.30096006393433,nan,nan,nan,nan,nan
132.36693120002747,nan,nan,nan,nan,nan
132.44420909881592,nan,nan,nan,nan,nan
132.50171208381653,nan,nan,nan,nan,nan
132.5685329437256,nan,nan,nan,nan,nan
132.63437008857727,nan,nan,nan,nan,nan
132.700590133667,nan,nan,nan,nan,nan
132.74548196792603,nan,nan,nan,nan,nan
132.7998731136322,nan,nan,nan,nan,nan
132.87880420684814,nan,nan,nan,nan,nan
132.93498706817627,nan,nan,nan,nan,nan
132.9992160797119,nan,nan,nan,nan,nan
133.06541299819946,nan,nan,nan,nan,nan
133.11060905456543,nan,nan,nan,nan,nan
133.16662907600403,nan,nan,nan,nan,nan
133.23247003555298,nan,nan,nan,nan,nan
133.30060410499573,nan,nan,nan,nan,nan
133.34471225738525,nan,nan,nan,nan,nan
133.4004831314087,nan,nan,nan,nan,nan
133.44613003730774,nan,nan,nan,nan,nan
133.51283717155457,nan,nan,nan,nan,nan
133.5830409526825,nan,nan,nan,nan,nan
133.6401059627533,nan,nan,nan,nan,nan
133.69586396217346,nan,nan,nan,nan,nan
133.7711842060089,nan,nan,nan,nan,nan
133.83852410316467,nan,nan,nan,nan,nan
133.9053978919983,nan,nan,nan,nan,nan
133.97112107276917,nan,nan,nan,nan,nan
134.0158519744873,nan,nan,nan,nan,nan
134.07204508781433,nan,nan,nan,nan,nan
134.14818024635315,nan,nan,nan,nan,nan
134.2050061225891,nan,nan,nan,nan,nan
134.24961805343628,nan,nan,nan,nan,nan
134.30683994293213,nan,nan,nan,nan,nan
134.37364506721497,nan,nan,nan,nan,nan
134.44270706176758,nan,nan,nan,nan,nan
134.4879138469696,nan,nan,nan,nan,nan
134.54501605033875,nan,nan,nan,nan,nan
134.60022902488708,nan,nan,nan,nan,nan
134.67598819732666,nan,nan,nan,nan,nan
134.74279808998108,nan,nan,nan,nan,nan
134.79984712600708,nan,nan,nan,nan,nan
134.84759712219238,nan,nan,nan,nan,nan
134.90017294883728,nan,nan,nan,nan,nan
134.94408416748047,nan,nan,nan,nan,nan
134.99996423721313,nan,nan,nan,nan,nan
135.04337096214294,nan,nan,nan,nan,nan
135.1016309261322,nan,nan,nan,nan,nan
135.14925408363342,nan,nan,nan,nan,nan
135.2095239162445,nan,nan,nan,nan,nan
135.2743320465088,nan,nan,nan,nan,nan
135.3410029411316,nan,nan,nan,nan,nan
135.4085521697998,nan,nan,nan,nan,nan
135.47461915016174,nan,nan,nan,nan,nan
135.53068113327026,nan,nan,nan,nan,nan
135.57498407363892,nan,nan,nan,nan,nan
135.64114618301392,nan,nan,nan,nan,nan
135.68653416633606,nan,nan,nan,nan,nan
135.7411870956421,nan,nan,nan,nan,nan
135.80889415740967,nan,nan,nan,nan,nan
135.87528014183044,nan,nan,nan,nan,nan
135.940171957016,nan,nan,nan,nan,nan
135.99723601341248,nan,nan,nan,nan,nan
136.0420331954956,nan,nan,nan,nan,nan
136.10972690582275,nan,nan,nan,nan,nan
136.16425108909607,nan,nan,nan,nan,nan
136.2082018852234,nan,nan,nan,nan,nan
136.27557492256165,nan,nan,nan,nan,nan
136.3321590423584,nan,nan,nan,nan,nan
136.3975431919098,nan,nan,nan,nan,nan
136.44009494781494,nan,nan,nan,nan,nan
136.50734210014343,nan,nan,nan,nan,nan
136.5744218826294,nan,nan,nan,nan,nan
136.64175820350647,nan,nan,nan,nan,nan
136.70955204963684,nan,nan,nan,nan,nan
136.77707314491272,nan,nan,nan,nan,nan
136.84417414665222,nan,nan,nan,nan,nan
136.90049815177917,nan,nan,nan,nan,nan
136.94352102279663,nan,nan,nan,nan,nan
137.00979709625244,nan,nan,nan,nan,nan
137.07885003089905,nan,nan,nan,nan,nan
137.14610815048218,nan,nan,nan,nan,nan
137.2132830619812,nan,nan,nan,nan,nan
137.27053093910217,nan,nan,nan,nan,nan
137.3158619403839,nan,nan,nan,nan,nan
137.3823001384735,nan,nan,nan,nan,nan
137.43651914596558,nan,nan,nan,nan,nan
137.50348901748657,nan,nan,nan,nan,nan
137.57092189788818,nan,nan,nan,nan,nan
137.61587023735046,nan,nan,nan,nan,nan
137.6837649345398,nan,nan,nan,nan,nan
137.74008011817932,nan,nan,nan,nan,nan
137.80685210227966,nan,nan,nan,nan,nan
137.87319493293762,nan,nan,nan,nan,nan
137.95151829719543,nan,nan,nan,nan,nan
138.0083611011505,nan,nan,nan,nan,nan
138.07611799240112,nan,nan,nan,nan,nan
138.1433708667755,nan,nan,nan,nan,nan
138.20919013023376,nan,nan,nan,nan,nan
138.27590608596802,nan,nan,nan,nan,nan
138.3432331085205,nan,nan,nan,nan,nan
138.41109228134155,nan,nan,nan,nan,nan
138.48142504692078,nan,nan,nan,nan,nan
138.53638696670532,nan,nan,nan,nan,nan
138.58193826675415,nan,nan,nan,nan,nan
138.64708805084229,nan,nan,nan,nan,nan
138.712788105011,nan,nan,nan,nan,nan
138.76826214790344,nan,nan,nan,nan,nan
138.81419110298157,nan,nan,nan,nan,nan
138.87670493125916,nan,nan,nan,nan,nan
138.94300627708435,nan,nan,nan,nan,nan
139.0098741054535,nan,nan,nan,nan,nan
139.0769510269165,nan,nan,nan,nan,nan
139.1443109512329,nan,nan,nan,nan,nan
139.21200919151306,nan,nan,nan,nan,nan
139.27943015098572,nan,nan,nan,nan,nan
139.34782004356384,nan,nan,nan,nan,nan
139.40667414665222,nan,nan,nan,nan,nan
139.45119905471802,nan,nan,nan,nan,nan
139.50811791419983,nan,nan,nan,nan,nan
139.58567595481873,nan,nan,nan,nan,nan
139.64330911636353,nan,nan,nan,nan,nan
139.7110550403595,nan,nan,nan,nan,nan
139.77734112739563,nan,nan,nan,nan,nan
139.8445029258728,nan,nan,nan,nan,nan
139.91041088104248,nan,nan,nan,nan,nan
139.97780394554138,nan,nan,nan,nan,nan
140.04559111595154,nan,nan,nan,nan,nan
140.11155104637146,nan,nan,nan,nan,nan
140.17736101150513,nan,nan,nan,nan,nan
140.2421600818634,nan,nan,nan,nan,nan
140.28515911102295,nan,nan,nan,nan,nan
140.3411750793457,nan,nan,nan,nan,nan
140.41784405708313,nan,nan,nan,nan,nan
140.47231006622314,nan,nan,nan,nan,nan
140.5166780948639,nan,nan,nan,nan,nan
140.5839011669159,nan,nan,nan,nan,nan
140.650465965271,nan,nan,nan,nan,nan
140.71834707260132,nan,nan,nan,nan,nan
140.7718801498413,nan,nan,nan,nan,nan
140.82032823562622,nan,nan,nan,nan,nan
140.8863971233368,nan,nan,nan,nan,nan
140.95313715934753,nan,nan,nan,nan,nan
141.00845217704773,nan,nan,nan,nan,nan
141.0856990814209,nan,nan,nan,nan,nan
141.15293717384338,nan,nan,nan,nan,nan
141.20966601371765,nan,nan,nan,nan,nan
141.2552170753479,nan,nan,nan,nan,nan
141.31153917312622,nan,nan,nan,nan,nan
141.3890459537506,nan,nan,nan,nan,nan
141.44598817825317,nan,nan,nan,nan,nan
141.51330304145813,nan,nan,nan,nan,nan
141.58116698265076,nan,nan,nan,nan,nan
141.64816093444824,nan,nan,nan,nan,nan
141.71554923057556,nan,nan,nan,nan,nan
141.78421592712402,nan,nan,nan,nan,nan
141.83883213996887,nan,nan,nan,nan,nan
141.9147870540619,nan,nan,nan,nan,nan
141.98122310638428,nan,nan,nan,nan,nan
142.0501880645752,nan,nan,nan,nan,nan
142.11627507209778,nan,nan,nan,nan,nan
142.28427600860596,nan,nan,nan,nan,nan
142.33976221084595,nan,nan,nan,nan,nan
142.41693902015686,nan,nan,nan,nan,nan
142.48310494422913,0,86,-48,-49,68.59300255857006
142.68414306640625,nan,nan,nan,nan,nan
142.740061044693,0,87,0,3,3.0
142.8838541507721,0,91,0,27,27.0
143.04367518424988,nan,nan,nan,nan,nan
143.08877301216125,nan,nan,nan,nan,nan
143.14515805244446,nan,nan,nan,nan,nan
143.21164512634277,nan,nan,nan,nan,nan
143.2540180683136,nan,nan,nan,nan,nan
143.31013107299805,nan,nan,nan,nan,nan
143.35357213020325,nan,nan,nan,nan,nan
143.42224621772766,nan,nan,nan,nan,nan
143.4880349636078,nan,nan,nan,nan,nan
143.55448389053345,nan,nan,nan,nan,nan
143.60987901687622,nan,nan,nan,nan,nan
143.68630504608154,nan,nan,nan,nan,nan
143.7418601512909,nan,nan,nan,nan,nan
143.78619527816772,nan,nan,nan,nan,nan
143.851881980896,nan,nan,nan,nan,nan
143.9070382118225,nan,nan,nan,nan,nan
143.950364112854,0,85,0,-5,5.0
144.1169352531433,nan,nan,nan,nan,nan
144.1836462020874,0,89,0,17,17.0
144.35132908821106,nan,nan,nan,nan,nan
144.4179630279541,nan,nan,nan,nan,nan
144.48608708381653,nan,nan,nan,nan,nan
144.54199600219727,nan,nan,nan,nan,nan
144.58869409561157,0,97,0,19,19.0
144.74280214309692,nan,nan,nan,nan,nan
144.82006907463074,nan,nan,nan,nan,nan
144.8885679244995,nan,nan,nan,nan,nan
144.98640823364258,nan,nan,nan,nan,nan
145.0525119304657,0,92,0,-10,10.0
145.218768119812,nan,nan,nan,nan,nan
145.29400491714478,0,100,0,33,33.0
145.45214200019836,0,97,0,-18,18.0
145.68664383888245,0,101,0,17,17.0
145.85570907592773,0,97,0,-23,23.0
146.0161051750183,0,102,0,31,31.0
146.17943000793457,0,96,0,-36,36.0
146.3778932094574,0,96,1,0,1.0
146.55569314956665,0,95,-823,-5,823.0151881952119
146.71599817276,0,96,0,6,6.0
146.86071109771729,0,95,0,-6,6.0
147.0536971092224,0,94,0,-5,5.0
147.22067308425903,0,95,0,5,5.0
147.3871521949768,0,94,0,-6,6.0
147.55520510673523,0,96,0,11,11.0
147.72424793243408,0,94,0,-11,11.0
147.856703042984,0,94,0,0,0.0
148.02432823181152,0,93,0,-5,5.0
148.18323302268982,0,96,0,18,18.0
148.3591809272766,0,94,0,-11,11.0
148.5308289527893,0,93,0,-5,5.0
148.6881320476532,0,93,0,0,0.0
148.86045217514038,0,94,0,5,5.0
149.0196671485901,0,95,0,6,6.0
149.18831300735474,0,94,0,-5,5.0
149.3549108505249,0,94,0,0,0.0
149.49072313308716,0,93,0,-7,7.0
149.6529939174652,0,92,0,-6,6.0
149.7996461391449,0,92,0,0,0.0
149.9556851387024,0,93,0,6,6.0
150.09152007102966,0,94,0,7,7.0
150.25151419639587,0,92,0,-12,12.0
150.39954805374146,0,93,0,6,6.0
150.55725502967834,0,94,0,6,6.0
150.82507014274597,0,93,0,-3,3.0
150.98729014396667,0,92,0,-6,6.0
151.1557822227478,0,92,0,0,0.0
151.3258411884308,0,93,0,5,5.0
151.4830300807953,0,92,0,-6,6.0
151.62961196899414,0,92,0,0,0.0
151.7895951271057,0,93,0,6,6.0
151.9245889186859,0,92,0,-7,7.0
152.0571482181549,0,92,0,0,0.0
152.2247350215912,0,93,0,5,5.0
152.39527487754822,0,92,0,-5,5.0
152.55138516426086,0,93,0,6,6.0
152.6968801021576,0,91,0,-13,13.0
152.83320999145508,0,93,0,14,14.0
152.98845314979553,0,92,0,-6,6.0
153.15880799293518,0,92,0,0,0.0
153.32580184936523,0,91,0,-5,5.0
153.48149609565735,0,93,0,12,12.0
153.628680229187,0,92,0,-6,6.0
153.78673601150513,0,92,0,0,0.0
153.9212782382965,0,90,0,-14,14.0
154.058030128479,0,91,0,7,7.0
154.1903259754181,0,92,0,7,7.0
154.335107088089,0,92,0,0,0.0
154.49265599250793,0,92,1,0,1.0
154.66036915779114,0,91,-921,-5,921.0135721041248
154.829448223114,0,92,0,5,5.0
155.00381207466125,0,90,0,-11,11.0
155.15913796424866,0,90,0,0,0.0
155.29542708396912,0,91,0,7,7.0
155.45233416557312,0,92,0,6,6.0
155.60061311721802,0,92,0,0,0.0
155.75771307945251,0,91,0,-6,6.0
155.8943440914154,0,91,0,0,0.0
156.06499099731445,0,91,0,0,0.0
156.22554111480713,0,92,0,6,6.0
156.36174726486206,0,93,0,7,7.0
156.5311300754547,0,91,0,-11,11.0
156.69974398612976,0,92,0,5,5.0
156.85852909088135,0,92,0,0,0.0
156.99271321296692,0,92,0,0,0.0
157.12670612335205,0,92,0,0,0.0
157.36658096313477,0,91,0,-4,4.0
157.52560305595398,0,91,0,0,0.0
157.6599452495575,0,93,0,14,14.0
157.83879017829895,0,91,0,-11,11.0
158.00381302833557,0,91,0,0,0.0
158.17077708244324,0,90,0,-5,5.0
158.36253309249878,0,91,0,5,5.0
158.49590802192688,0,91,0,0,0.0
158.6344301700592,0,91,0,0,0.0
158.76889491081238,0,90,0,-7,7.0
158.92603516578674,0,91,0,6,6.0
159.09228610992432,0,91,0,0,0.0
159.22773694992065,0,90,0,-7,7.0
159.36550211906433,0,90,0,0,0.0
159.53635907173157,0,91,0,5,5.0
159.70494723320007,0,91,0,0,0.0
159.87783813476562,0,92,0,5,5.0
160.0686230659485,0,92,0,0,0.0
160.27457928657532,0,90,0,-9,9.0
160.60099601745605,0,90,0,0,0.0
160.76999711990356,0,90,0,0,0.0
160.92915511131287,0,91,0,6,6.0
161.09760808944702,0,91,0,0,0.0
161.23435306549072,0,91,0,0,0.0
161.3686990737915,0,91,0,0,0.0
161.50250101089478,0,90,0,-7,7.0
161.64844512939453,0,91,0,6,6.0
161.80587697029114,0,88,0,-19,19.0
161.9705560207367,0,90,0,12,12.0
162.13989186286926,0,91,0,5,5.0
162.30910992622375,0,90,0,-5,5.0
162.47385597229004,0,90,0,0,0.0
162.60760307312012,0,91,0,7,7.0
162.7681279182434,0,91,1,0,1.0
162.89978313446045,0,90,-1236,-7,1236.01982184753
163.06776595115662,0,88,0,-11,11.0
163.20265221595764,0,89,0,7,7.0
163.3702371120453,0,88,0,-5,5.0
163.54024004936218,0,88,0,0,0.0
163.6757161617279,0,88,0,0,0.0
163.83034110069275,0,90,0,12,12.0
163.9738039970398,0,90,0,0,0.0
164.14222407341003,0,90,0,0,0.0
164.2782859802246,0,88,0,-14,14.0
164.4338412284851,0,88,0,0,0.0
164.57790207862854,0,89,0,6,6.0
164.73494815826416,0,88,0,-6,6.0
164.85991215705872,0,89,0,8,8.0
165.00401091575623,0,90,0,6,6.0
165.16544914245605,0,90,0,0,0.0
165.3120560646057,0,90,0,0,0.0
165.46994924545288,0,88,0,-12,12.0
165.60591197013855,0,88,0,0,0.0
165.77729606628418,0,88,0,0,0.0
165.94365525245667,0,88,0,0,0.0
166.07790994644165,0,87,0,-7,7.0
166.2369179725647,0,87,0,0,0.0
166.3723602294922,0,87,0,0,0.0
166.507826089859,0,87,0,0,0.0
166.6763792037964,0,86,0,-5,5.0
166.83573818206787,0,87,0,6,6.0
166.97069215774536,0,87,0,0,0.0
167.1427869796753,0,86,0,-5,5.0
167.27647399902344,0,86,0,0,0.0
167.41096425056458,0,86,0,0,0.0
167.58150696754456,0,86,0,0,0.0
167.71292686462402,0,86,0,0,0.0
167.86789917945862,0,86,0,0,0.0
168.0069169998169,0,85,0,-7,7.0
168.16490006446838,0,86,0,6,6.0
168.29799795150757,0,86,0,0,0.0
168.47639799118042,0,85,0,-5,5.0
168.61295819282532,0,85,0,0,0.0
168.73891019821167,0,85,0,0,0.0
168.87557125091553,0,85,0,0,0.0
169.013521194458,0,85,0,0,0.0
169.18382811546326,0,85,0,0,0.0
169.33158707618713,0,85,0,0,0.0
169.5112612247467,0,85,0,0,0.0
169.67088508605957,0,85,0,0,0.0
169.8048610687256,0,84,0,-7,7.0
169.94371819496155,0,83,0,-7,7.0
170.11022114753723,0,83,0,0,0.0
170.2456669807434,0,83,0,0,0.0
170.38221907615662,0,83,1,0,1.0
170.5178620815277,0,83,-1256,0,1256.0
170.6759021282196,0,84,0,6,6.0
170.81167006492615,0,83,0,-7,7.0
170.94419407844543,0,83,0,0,0.0
171.088210105896,0,82,0,-6,6.0
171.23864912986755,0,82,0,0,0.0
171.3824701309204,0,83,0,6,6.0
171.5364441871643,0,83,0,0,0.0
171.6832959651947,0,83,0,0,0.0
171.80842900276184,0,83,0,0,0.0
171.95313501358032,0,82,0,-6,6.0
172.0880949497223,0,82,0,0,0.0
172.24511814117432,0,82,0,0,0.0
172.38026690483093,0,82,0,0,0.0
172.51529812812805,0,81,0,-7,7.0
172.64858317375183,0,83,0,15,15.0
172.78379893302917,0,83,0,0,0.0
172.94461512565613,0,82,0,-6,6.0
173.11485409736633,0,82,0,0,0.0
173.27412295341492,0,83,0,6,6.0
173.412034034729,0,82,0,-7,7.0
173.54759907722473,0,82,0,0,0.0
173.68081498146057,0,82,0,0,0.0
173.8363790512085,0,80,0,-12,12.0
173.95159697532654,0,81,0,8,8.0
174.0855941772461,0,81,0,0,0.0
174.22174715995789,0,81,0,0,0.0
174.34804916381836,0,80,0,-7,7.0
174.48550605773926,0,80,0,0,0.0
174.6105682849884,0,80,0,0,0.0
174.74516820907593,0,80,0,0,0.0
174.88158988952637,0,80,0,0,0.0
175.0157082080841,0,81,0,7,7.0
175.15065693855286,0,81,0,0,0.0
175.28724908828735,0,80,0,-7,7.0
175.42136907577515,0,81,0,7,7.0
175.58193922042847,0,81,0,0,0.0
175.74819016456604,0,81,0,0,0.0
175.88316416740417,0,80,0,-7,7.0
176.0091052055359,0,81,0,7,7.0
176.1548571586609,0,81,0,0,0.0
176.287682056427,0,80,0,-7,7.0
176.41590809822083,0,80,0,0,0.0
176.55094695091248,0,81,0,7,7.0
176.68475794792175,0,80,0,-7,7.0
176.81807112693787,0,80,0,0,0.0
176.9760491847992,0,80,0,0,0.0
177.12303519248962,0,80,0,0,0.0
177.28099703788757,0,81,0,6,6.0
177.4126901626587,0,80,0,-7,7.0
177.54646921157837,0,80,1,0,1.0
177.68247389793396,0,80,-1305,0,1305.0
177.85665702819824,0,80,0,0,0.0
178.02458214759827,0,81,0,5,5.0
178.15202498435974,0,80,0,-7,7.0
178.2846598625183,0,81,0,7,7.0
178.4551920890808,0,81,0,0,0.0
178.62667798995972,0,80,0,-5,5.0
178.7538139820099,0,80,0,0,0.0
178.88934898376465,0,80,0,0,0.0
179.0260169506073,0,80,0,0,0.0
179.1569001674652,0,80,0,0,0.0
179.29035210609436,0,80,0,0,0.0
179.41451001167297,0,80,0,0,0.0
179.5505199432373,0,81,0,7,7.0
179.6874520778656,0,79,0,-14,14.0
179.82327103614807,0,80,0,7,7.0
179.978609085083,0,80,0,0,0.0
180.12412405014038,0,80,0,0,0.0
180.2484269142151,0,80,0,0,0.0
180.38466501235962,0,80,0,0,0.0
180.5210359096527,0,80,0,0,0.0
180.68811321258545,0,80,0,0,0.0
180.85630798339844,0,79,0,-5,5.0
180.99364113807678,0,81,0,14,14.0
181.11627507209778,0,81,0,0,0.0
181.2509570121765,0,79,0,-14,14.0
181.38728213310242,0,80,0,7,7.0
181.52394318580627,0,80,0,0,0.0
181.69632720947266,0,80,0,0,0.0
181.8209991455078,0,80,0,0,0.0
181.9890742301941,0,79,0,-5,5.0
182.12435603141785,0,80,0,7,7.0
182.29512000083923,0,79,0,-5,5.0
182.421462059021,0,80,0,7,7.0
182.55463814735413,0,80,0,0,0.0
182.69423413276672,0,80,0,0,0.0
182.82993912696838,0,80,0,0,0.0
182.98804807662964,0,80,0,0,0.0
183.15637397766113,0,80,0,0,0.0
183.3131241798401,0,81,0,6,6.0
183.4276101589203,0,80,0,-8,8.0
183.59330821037292,0,80,0,0,0.0
183.72383999824524,0,80,0,0,0.0
183.86086702346802,0,81,0,7,7.0
184.02307510375977,0,81,0,0,0.0
184.19106602668762,0,81,0,0,0.0
184.34854817390442,0,79,0,-12,12.0
184.48420596122742,0,80,0,7,7.0
184.6314480304718,0,78,0,-13,13.0
184.78647112846375,0,78,0,0,0.0
184.92038106918335,0,77,1,-7,7.0710678118654755
185.0543520450592,0,77,-1380,0,1380.0
185.1925151348114,0,77,0,0,0.0
185.3248791694641,0,77,0,0,0.0
185.46065211296082,0,77,0,0,0.0
185.59395289421082,0,80,0,22,22.0
185.71902203559875,0,79,0,-7,7.0
185.8646960258484,0,78,0,-6,6.0
185.9885959625244,0,78,0,0,0.0
186.13423418998718,0,79,0,6,6.0
186.29253005981445,0,78,0,-6,6.0
186.41907811164856,0,78,0,0,0.0
186.56540894508362,0,78,0,0,0.0
186.6905801296234,0,78,0,0,0.0
186.82356119155884,0,78,0,0,0.0
186.95833325386047,0,78,0,0,0.0
187.09342098236084,0,78,0,0,0.0
187.21763396263123,0,78,0,0,0.0
187.36211395263672,0,78,0,0,0.0
187.49812507629395,0,78,0,0,0.0
187.6305730342865,0,79,0,7,7.0
187.75504517555237,0,78,0,-8,8.0
187.89155292510986,0,78,0,0,0.0
188.02684688568115,0,78,0,0,0.0
188.15335607528687,0,77,0,-7,7.0
188.29567003250122,0,78,0,7,7.0
188.4214849472046,0,78,0,0,0.0
188.5559630393982,0,78,0,0,0.0
188.6887080669403,0,78,0,0,0.0
188.8240942955017,0,78,0,0,0.0
188.96028995513916,0,79,0,7,7.0
189.09466528892517,0,78,0,-7,7.0
189.22234201431274,0,78,0,0,0.0
189.35956287384033,0,78,0,0,0.0
189.497976064682,0,79,0,7,7.0
189.65615725517273,0,79,0,0,0.0
189.8030300140381,0,78,0,-6,6.0
189.92864608764648,0,79,0,7,7.0
190.0627040863037,0,79,0,0,0.0
190.18475317955017,0,77,0,-16,16.0
190.33153104782104,0,76,0,-6,6.0
190.45549893379211,0,76,0,0,0.0
190.58938598632812,0,78,0,14,14.0
190.7228720188141,0,77,0,-7,7.0
190.8600571155548,0,77,0,0,0.0
190.99554824829102,0,76,0,-7,7.0
191.12224197387695,0,76,0,0,0.0
191.2553150653839,0,77,0,7,7.0
191.42881417274475,0,77,0,0,0.0
191.60271000862122,0,77,0,0,0.0
191.72334003448486,0,77,0,0,0.0
191.86006712913513,0,76,1,-7,7.0710678118654755
192.00339198112488,0,76,-1338,0,1338.0
192.1418333053589,0,76,0,0,0.0
192.2648241519928,0,77,0,8,8.0
192.40067505836487,0,77,0,0,0.0
192.53316497802734,0,78,0,7,7.0
192.70326590538025,0,78,0,0,0.0
192.86088490486145,0,77,0,-6,6.0
192.99527597427368,0,77,0,0,0.0
193.13117218017578,0,76,0,-7,7.0
193.26729106903076,0,76,0,0,0.0
193.38891220092773,0,77,0,8,8.0
193.499990940094,0,78,0,9,9.0
193.63632702827454,0,76,0,-14,14.0
193.76842522621155,0,77,0,7,7.0
193.90268301963806,0,76,0,-7,7.0
194.0629539489746,0,77,0,6,6.0
194.19849801063538,0,77,0,0,0.0
194.3362762928009,0,77,0,0,0.0
194.46082091331482,0,77,0,0,0.0
194.6087520122528,0,76,0,-6,6.0
194.74111819267273,0,77,0,7,7.0
194.8630051612854,0,77,0,0,0.0
195.00752711296082,0,77,0,0,0.0
195.13037300109863,0,76,0,-8,8.0
195.26556611061096,0,76,0,0,0.0
195.39975118637085,0,77,0,7,7.0
195.53523802757263,0,76,0,-7,7.0
195.66953706741333,0,77,0,7,7.0
195.80559301376343,0,76,0,-7,7.0
195.94140315055847,0,77,0,7,7.0
196.07075595855713,0,76,0,-7,7.0
196.19472098350525,0,76,0,0,0.0
196.34249019622803,0,76,0,0,0.0
196.465478181839,0,76,0,0,0.0
196.61117100715637,0,75,0,-6,6.0
196.73572707176208,0,76,0,8,8.0
196.8690459728241,0,76,0,0,0.0
197.003662109375,0,77,0,7,7.0
197.14029717445374,0,77,0,0,0.0
197.26514720916748,0,76,0,-8,8.0
197.39956188201904,0,76,0,0,0.0
197.5431091785431,0,75,0,-6,6.0
197.67594599723816,0,76,0,7,7.0
197.80898094177246,0,76,0,0,0.0
197.93451118469238,0,76,0,0,0.0
198.09757614135742,0,76,0,0,0.0
198.24472999572754,0,76,0,0,0.0
198.37792205810547,0,76,0,0,0.0
198.5356800556183,0,76,0,0,0.0
198.66938424110413,0,76,0,0,0.0
198.80641102790833,0,75,1,-7,7.0710678118654755
198.94095611572266,0,76,-1477,7,1477.016587584581
199.06290102005005,0,75,0,-8,8.0
199.20858001708984,0,76,0,6,6.0
199.34505486488342,0,75,0,-7,7.0
199.47190594673157,0,76,0,7,7.0
199.60346913337708,0,77,0,7,7.0
199.73973298072815,0,76,0,-7,7.0
199.87502813339233,0,76,0,0,0.0
200.00920486450195,0,75,0,-7,7.0
200.1362280845642,0,76,0,7,7.0
200.2711479663849,0,75,0,-7,7.0
200.40389704704285,0,74,0,-7,7.0
200.55176424980164,0,74,0,0,0.0
200.67510509490967,0,74,0,0,0.0
200.81027102470398,0,74,0,0,0.0
200.94654726982117,0,73,0,-7,7.0
201.0707061290741,0,73,0,0,0.0
201.20748114585876,0,72,0,-7,7.0
201.34555006027222,0,73,0,7,7.0
201.5094130039215,0,73,0,0,0.0
201.63595414161682,0,73,0,0,0.0
201.74720096588135,0,73,0,0,0.0
201.87073302268982,0,73,0,0,0.0
202.03884625434875,0,73,0,0,0.0
202.1750090122223,0,73,0,0,0.0
202.30741500854492,0,73,0,0,0.0
202.4411540031433,0,74,0,7,7.0
202.5737681388855,0,75,0,7,7.0
202.70711398124695,0,75,0,0,0.0
202.84235310554504,0,74,0,-7,7.0
202.9770369529724,0,74,0,0,0.0
203.10532903671265,0,74,0,0,0.0
203.2486870288849,0,74,0,0,0.0
203.3713562488556,0,74,0,0,0.0
203.50699305534363,0,73,0,-7,7.0
203.63078498840332,0,74,0,8,8.0
203.77467799186707,0,74,0,0,0.0
203.90225100517273,0,74,0,0,0.0
204.03625202178955,0,74,0,0,0.0
204.18342208862305,0,74,0,0,0.0
204.342942237854,0,73,0,-6,6.0
204.47820687294006,0,72,0,-7,7.0
204.60577821731567,0,72,0,0,0.0
204.75137090682983,0,73,0,6,6.0
204.90927815437317,0,73,0,0,0.0
205.04375386238098,0,74,0,7,7.0
205.1795198917389,0,73,0,-7,7.0
205.31263995170593,0,72,0,-7,7.0
205.44386291503906,0,74,0,15,15.0
205.57684302330017,0,73,0,-7,7.0
205.71077299118042,0,74,1,7,7.0710678118654755
205.8367600440979,0,74,-1632,0,1632.0
205.95879220962524,0,74,0,0,0.0
206.11107802391052,0,74,0,0,0.0
206.24416828155518,0,73,0,-7,7.0
206.38254809379578,0,72,0,-7,7.0
206.51518416404724,0,73,0,7,7.0
206.64081716537476,0,73,0,0,0.0
206.77497005462646,0,73,0,0,0.0
206.91055822372437,0,73,0,0,0.0
207.04568600654602,0,74,0,7,7.0
207.18230295181274,0,74,0,0,0.0
207.30659914016724,0,73,0,-8,8.0
207.44396805763245,0,74,0,7,7.0
207.57900214195251,0,73,0,-7,7.0
207.747789144516,0,73,0,0,0.0
207.87511801719666,0,73,0,0,0.0
208.00802516937256,0,74,0,7,7.0
208.175311088562,0,73,0,-5,5.0
208.31022310256958,0,73,0,0,0.0
208.4459490776062,0,73,0,0,0.0
208.58015894889832,0,72,0,-7,7.0
208.71456098556519,0,73,0,7,7.0
208.8601930141449,0,72,0,-6,6.0
209.0086431503296,0,73,0,6,6.0
209.15579628944397,0,73,0,0,0.0
209.28007316589355,0,72,0,-8,8.0
209.40372610092163,0,73,0,8,8.0
209.54939889907837,0,73,0,0,0.0
209.68409490585327,0,73,0,0,0.0
209.8185441493988,0,73,0,0,0.0
209.95597100257874,0,71,0,-14,14.0
210.08016705513,0,72,0,8,8.0
210.20637893676758,0,72,0,0,0.0
210.34374499320984,0,72,0,0,0.0
210.480309009552,0,72,0,0,0.0
210.6159679889679,0,72,0,0,0.0
210.75019693374634,0,72,0,0,0.0
210.8872480392456,0,73,0,7,7.0
211.0206651687622,0,72,0,-7,7.0
211.19082903862,0,72,0,0,0.0
211.31316018104553,0,72,0,0,0.0
211.45875716209412,0,72,0,0,0.0
211.61471104621887,0,72,0,0,0.0
211.75,0,73,0,7,7.0
211.88440608978271,0,72,0,-7,7.0
212.01862597465515,0,71,0,-7,7.0
212.15122413635254,0,71,0,0,0.0
212.2857210636139,0,72,0,7,7.0
212.42103910446167,0,72,0,0,0.0
212.5438060760498,0,72,0,0,0.0
212.68026423454285,0,72,1,0,1.0
212.81344509124756,0,72,-1596,0,1596.0
212.94997024536133,0,72,0,0,0.0
213.08378410339355,0,72,0,0,0.0
213.21851992607117,0,72,0,0,0.0
213.34525203704834,0,71,0,-7,7.0
213.4819519519806,0,71,0,0,0.0
213.61594104766846,0,71,0,0,0.0
213.75447010993958,0,71,0,0,0.0
213.87904620170593,0,72,0,8,8.0
214.01626014709473,0,72,0,0,0.0
214.15125799179077,0,71,0,-7,7.0
214.28417301177979,0,72,0,7,7.0
214.409606218338,0,72,0,0,0.0
214.5445101261139,0,72,0,0,0.0
214.6807210445404,0,72,0,0,0.0
214.8182761669159,0,73,0,7,7.0
214.95361804962158,0,72,0,-7,7.0
215.10996007919312,0,71,0,-6,6.0
215.2246310710907,0,72,0,8,8.0
215.35916900634766,0,72,0,0,0.0
215.4816551208496,0,72,0,0,0.0
215.5913269519806,0,72,0,0,0.0
215.72672724723816,0,72,0,0,0.0
215.85851526260376,0,72,0,0,0.0
216.0255720615387,0,72,0,0,0.0
216.1598629951477,0,72,0,0,0.0
216.281512260437,0,71,0,-8,8.0
216.41734290122986,0,72,0,7,7.0
216.55252194404602,0,72,0,0,0.0
216.68773293495178,0,71,0,-7,7.0
216.8246431350708,0,71,0,0,0.0
216.96284890174866,0,72,0,7,7.0
217.088947057724,0,71,0,-7,7.0
217.22114825248718,0,72,0,7,7.0
217.3573338985443,0,72,0,0,0.0
217.48271417617798,0,71,0,-7,7.0
217.62826204299927,0,71,0,0,0.0
217.75216603279114,0,71,0,0,0.0
217.88844513893127,0,71,0,0,0.0
218.0215380191803,0,71,0,0,0.0
218.12324023246765,0,71,0,0,0.0
218.2546510696411,0,71,0,0,0.0
218.39210891723633,0,71,0,0,0.0
218.5276050567627,0,72,0,7,7.0
218.66207885742188,0,71,0,-7,7.0
218.793790102005,0,71,0,0,0.0
218.91764402389526,0,71,0,0,0.0
219.06094312667847,0,71,0,0,0.0
219.18815994262695,0,71,0,0,0.0
219.32170414924622,0,71,0,0,0.0
219.45718812942505,0,71,1,0,1.0
219.59575700759888,0,72,-1583,7,1583.0154768668563
219.71761298179626,0,72,0,0,0.0
219.86300015449524,0,72,0,0,0.0
219.99474811553955,0,72,0,0,0.0
220.13088822364807,0,71,0,-7,7.0
220.25198817253113,0,71,0,0,0.0
220.3952341079712,0,71,0,0,0.0
220.52789902687073,0,71,0,0,0.0
220.66228914260864,0,70,0,-7,7.0
220.79881119728088,0,69,0,-7,7.0
220.924663066864,0,71,0,15,15.0
221.0581350326538,0,72,0,7,7.0
221.18283104896545,0,71,0,-8,8.0
221.29189705848694,0,71,0,0,0.0
221.4167778491974,0,71,0,0,0.0
221.56458115577698,0,71,0,0,0.0
221.69722700119019,0,72,0,7,7.0
221.83140206336975,0,71,0,-7,7.0
221.95833802223206,0,72,0,7,7.0
222.0916440486908,0,71,0,-7,7.0
222.2266001701355,0,70,0,-7,7.0
222.36411213874817,0,70,0,0,0.0
222.4990119934082,0,71,0,7,7.0
222.6251380443573,0,70,0,-7,7.0
222.76145720481873,0,71,0,7,7.0
222.8969280719757,0,71,0,0,0.0
223.0215458869934,0,71,0,0,0.0
223.25898218154907,0,71,0,0,0.0
223.39542818069458,0,71,0,0,0.0
223.5315330028534,0,71,0,0,0.0
223.66378211975098,0,71,0,0,0.0
223.79918813705444,0,71,0,0,0.0
223.9705069065094,0,71,0,0,0.0
224.1030261516571,0,70,0,-7,7.0
224.22506308555603,0,71,0,8,8.0
224.35911917686462,0,71,0,0,0.0
224.4914321899414,0,71,0,0,0.0
224.60242700576782,0,71,0,0,0.0
224.73807501792908,0,70,0,-7,7.0
224.860759973526,0,71,0,8,8.0
225.13278102874756,0,71,0,0,0.0
225.26158905029297,0,71,0,0,0.0
225.42764687538147,0,70,0,-6,6.0
225.56329607963562,0,71,0,7,7.0
225.72395420074463,0,71,0,0,0.0
225.8698971271515,0,71,0,0,0.0
226.00755715370178,0,71,0,0,0.0
226.13081693649292,0,72,0,8,8.0
226.43731904029846,0,71,0,-3,3.0
226.57206511497498,0,70,0,-7,7.0
226.69873189926147,0,70,1,0,1.0
226.83235812187195,0,71,-1696,7,1696.0144456931964
226.96877098083496,0,71,0,0,0.0
227.13961005210876,0,71,0,0,0.0
227.29859399795532,0,70,0,-6,6.0
227.43372321128845,0,70,0,0,0.0
227.55720591545105,0,71,0,8,8.0
227.70181703567505,0,71,0,0,0.0
227.83582997322083,0,70,0,-7,7.0
227.97279500961304,0,71,0,7,7.0
228.13077306747437,0,71,0,0,0.0
228.26479196548462,0,70,0,-7,7.0
228.4034070968628,0,70,0,0,0.0
228.53787302970886,0,70,0,0,0.0
228.6644480228424,0,69,0,-7,7.0
228.77874207496643,0,70,0,8,8.0
228.90461111068726,0,70,0,0,0.0
229.03149104118347,0,70,0,0,0.0
229.16475105285645,0,69,0,-7,7.0
229.30808115005493,0,69,0,0,0.0
229.43308901786804,0,70,0,7,7.0
229.57330513000488,0,70,0,0,0.0
229.69865107536316,0,69,0,-7,7.0
229.83618807792664,0,70,0,7,7.0
229.97467017173767,0,70,0,0,0.0
230.12846517562866,0,69,0,-6,6.0
230.274719953537,0,70,0,6,6.0
230.40630221366882,0,69,0,-7,7.0
230.54154014587402,0,69,0,0,0.0
230.66689920425415,0,69,0,0,0.0
230.8017430305481,0,69,0,0,0.0
230.93629789352417,0,70,0,7,7.0
231.06823801994324,0,69,0,-7,7.0
231.20211100578308,0,69,0,0,0.0
231.33575224876404,0,69,0,0,0.0
231.47491598129272,0,69,0,0,0.0
231.59951901435852,0,69,0,0,0.0
231.74464201927185,0,69,0,0,0.0
231.90407705307007,0,69,0,0,0.0
232.03973698616028,0,69,0,0,0.0
232.17445397377014,0,69,0,0,0.0
232.30100798606873,0,69,0,0,0.0
232.43357300758362,0,69,0,0,0.0
232.56890416145325,0,69,0,0,0.0
232.70248413085938,0,69,0,0,0.0
232.83599090576172,0,69,0,0,0.0
232.9724841117859,0,69,0,0,0.0
233.10976004600525,0,69,0,0,0.0
233.23342990875244,0,69,0,0,0.0
233.3674030303955,0,69,0,0,0.0
233.50177192687988,0,69,0,0,0.0
233.64513611793518,0,69,1,0,1.0
233.80498909950256,0,69,-1461,0,1461.0
233.94175505638123,0,68,0,-7,7.0
234.06615328788757,0,68,0,0,0.0
234.20155906677246,0,68,0,0,0.0
234.3366780281067,0,69,0,7,7.0
234.48299312591553,0,69,0,0,0.0
234.60877895355225,0,69,0,0,0.0
234.7429051399231,0,68,0,-7,7.0
234.87941718101501,0,69,0,7,7.0
235.0132782459259,0,69,0,0,0.0
235.1384949684143,0,69,0,0,0.0
235.27192211151123,0,69,0,0,0.0
235.38253712654114,0,69,0,0,0.0
235.50492000579834,0,69,0,0,0.0
235.6155490875244,0,69,0,0,0.0
235.73980522155762,0,68,0,-8,8.0
235.87457394599915,0,68,0,0,0.0
236.00962209701538,0,69,0,7,7.0
236.14562511444092,0,67,0,-14,14.0
236.2818522453308,0,68,0,7,7.0
236.40641713142395,0,67,0,-8,8.0
236.5414981842041,0,68,0,7,7.0
236.67862796783447,0,68,0,0,0.0
236.80039596557617,0,69,0,8,8.0
236.9448480606079,0,69,0,0,0.0
237.07805514335632,0,69,0,0,0.0
237.1888711452484,0,69,0,0,0.0
237.33612418174744,0,68,0,-6,6.0
237.48086023330688,0,68,0,0,0.0
237.60916709899902,0,68,0,0,0.0
237.73699307441711,0,68,0,0,0.0
237.95132994651794,0,67,0,-4,4.0
238.11579513549805,0,67,0,0,0.0
238.24204802513123,0,67,0,0,0.0
238.37610912322998,0,67,0,0,0.0
238.51428604125977,0,67,0,0,0.0
238.6401069164276,0,66,0,-7,7.0
238.7847559452057,0,67,0,6,6.0
238.90676403045654,0,67,0,0,0.0
239.0394549369812,0,67,0,0,0.0
239.17338109016418,0,67,0,0,0.0
239.28594207763672,0,67,0,0,0.0
239.42000722885132,0,67,0,0,0.0
239.543603181839,0,66,0,-8,8.0
239.67878222465515,0,68,0,14,14.0
239.81264519691467,0,67,0,-7,7.0
239.95077300071716,0,67,0,0,0.0
240.07882118225098,0,67,0,0,0.0
240.2049651145935,0,67,0,0,0.0
240.3427062034607,0,67,0,0,0.0
240.47775197029114,0,67,1,0,1.0
240.61347818374634,0,67,-1771,0,1771.0
240.7459671497345,0,67,0,0,0.0
240.86936807632446,0,66,0,-8,8.0
240.9824149608612,0,67,0,8,8.0
241.10969591140747,0,67,0,0,0.0
241.24363112449646,0,67,0,0,0.0
241.3795120716095,0,67,0,0,0.0
241.51393818855286,0,67,0,0,0.0
241.6596269607544,0,67,0,0,0.0
241.78256702423096,0,67,0,0,0.0
241.90907907485962,0,67,0,0,0.0
242.0411901473999,0,67,0,0,0.0
242.1778130531311,0,67,0,0,0.0
242.31032800674438,0,67,0,0,0.0
242.4444980621338,0,67,0,0,0.0
242.5587182044983,0,67,0,0,0.0
242.71625995635986,0,67,0,0,0.0
242.88750314712524,0,67,0,0,0.0
243.0227062702179,0,67,0,0,0.0
243.1471951007843,0,67,0,0,0.0
243.27263402938843,0,67,0,0,0.0
243.41819214820862,0,67,0,0,0.0
243.55199098587036,0,68,0,7,7.0
243.68447613716125,0,67,0,-7,7.0
243.8196141719818,0,67,0,0,0.0
243.95418524742126,0,67,0,0,0.0
244.07625317573547,0,67,0,0,0.0
244.1885108947754,0,66,0,-8,8.0
244.32334899902344,0,66,0,0,0.0
244.45925903320312,0,67,0,7,7.0
244.58025598526,0,67,0,0,0.0
244.69301009178162,0,67,0,0,0.0
244.82238793373108,0,67,0,0,0.0
245.01924109458923,0,67,0,0,0.0
245.1530110836029,0,67,0,0,0.0
245.28923797607422,0,67,0,0,0.0
245.4245412349701,0,67,0,0,0.0
245.54727387428284,0,67,0,0,0.0
245.68566489219666,0,66,0,-7,7.0
245.8074140548706,0,67,0,8,8.0
245.91955494880676,0,67,0,0,0.0
246.05520296096802,0,67,0,0,0.0
246.19100522994995,0,67,0,0,0.0
246.315181016922,0,66,0,-8,8.0
246.44884204864502,0,66,0,0,0.0
246.5809121131897,0,66,0,0,0.0
246.7255232334137,0,67,0,6,6.0
246.85805106163025,0,66,0,-7,7.0
247.01575112342834,0,66,0,0,0.0
247.14936113357544,0,66,0,0,0.0
247.2575762271881,0,66,1,0,1.0
247.38292813301086,0,66,-1972,0,1972.0
247.52628922462463,0,66,0,0,0.0
247.64931511878967,0,66,0,0,0.0
247.7609419822693,0,66,0,0,0.0
247.89333605766296,0,66,0,0,0.0
248.063050031662,0,66,0,0,0.0
248.22516012191772,0,65,0,-6,6.0
248.3576021194458,0,66,0,7,7.0
248.47964692115784,0,66,0,0,0.0
248.6271321773529,0,66,0,0,0.0
248.7897698879242,0,66,0,0,0.0
248.92570519447327,0,67,0,7,7.0
249.04852390289307,0,66,0,-8,8.0
249.35624599456787,0,66,0,0,0.0
249.6303780078888,0,66,0,0,0.0
249.96225500106812,0,66,0,0,0.0
250.09344911575317,0,66,0,0,0.0
250.26434302330017,0,67,0,5,5.0
250.42939686775208,0,66,0,-6,6.0
250.55238795280457,0,66,0,0,0.0
250.68581819534302,0,66,0,0,0.0
250.82078504562378,0,66,0,0,0.0
250.95446491241455,0,66,0,0,0.0
251.0922610759735,0,65,0,-7,7.0
251.21681928634644,0,66,0,8,8.0
251.35260009765625,0,66,0,0,0.0
251.49712991714478,0,67,0,6,6.0
251.62007403373718,0,65,0,-16,16.0
251.75483012199402,0,65,0,0,0.0
251.89084100723267,0,65,0,0,0.0
252.02678108215332,0,65,0,0,0.0
252.1275281906128,0,66,0,9,9.0
252.25147318840027,0,66,0,0,0.0
252.39706325531006,0,65,0,-6,6.0
252.5202920436859,0,65,0,0,0.0
252.65413403511047,0,65,0,0,0.0
252.79812812805176,0,65,0,0,0.0
252.8990352153778,0,66,0,9,9.0
253.02625703811646,0,66,0,0,0.0
253.16084122657776,0,66,0,0,0.0
253.29537296295166,0,66,0,0,0.0
253.429190158844,0,66,0,0,0.0
253.55469298362732,0,66,0,0,0.0
253.69694900512695,0,65,0,-7,7.0
253.820631980896,0,66,0,8,8.0
253.93134212493896,0,65,0,-9,9.0
254.05444717407227,0,66,0,8,8.0
254.19841194152832,0,64,0,-13,13.0
254.33082604408264,0,66,0,15,15.0
254.4677700996399,0,66,0,0,0.0
254.62210392951965,0,66,1,0,1.0
254.79305601119995,0,66,-1489,0,1489.0
254.9271411895752,0,66,0,0,0.0
255.06096506118774,0,65,0,-7,7.0
255.19643807411194,0,66,0,7,7.0
255.33320999145508,0,66,0,0,0.0
255.4545500278473,0,65,0,-8,8.0
255.58949184417725,0,65,0,0,0.0
255.7556290626526,0,65,0,0,0.0
255.86081409454346,0,65,0,0,0.0
255.991219997406,0,66,0,7,7.0
256.1272370815277,0,66,0,0,0.0
256.2629780769348,0,64,0,-14,14.0
256.4014971256256,0,64,0,0,0.0
256.52529406547546,0,65,0,8,8.0
256.6585729122162,0,65,0,0,0.0
256.7690281867981,0,64,0,-9,9.0
256.89429211616516,0,64,0,0,0.0
256.99677991867065,0,64,0,0,0.0
257.13196301460266,0,64,0,0,0.0
257.2578511238098,0,64,0,0,0.0
257.36170530319214,0,64,0,0,0.0
257.4951651096344,0,63,0,-7,7.0
257.59759998321533,0,64,0,9,9.0
257.7214140892029,0,64,0,0,0.0
257.86563086509705,0,64,0,0,0.0
258.00054121017456,0,65,0,7,7.0
258.1332621574402,0,64,0,-7,7.0
258.2638430595398,0,65,0,7,7.0
258.3969421386719,0,64,0,-7,7.0
258.52984499931335,0,64,0,0,0.0
258.6645669937134,0,66,0,14,14.0
258.79996705055237,0,65,0,-7,7.0
258.93420910835266,0,64,0,-7,7.0
259.05636286735535,0,64,0,0,0.0
259.15893507003784,0,64,0,0,0.0
259.29501724243164,0,64,0,0,0.0
259.4309711456299,0,64,0,0,0.0
259.555536031723,0,63,0,-8,8.0
259.70303106307983,0,63,0,0,0.0
259.8274290561676,0,63,0,0,0.0
259.96185421943665,0,63,0,0,0.0
260.06574010849,0,63,0,0,0.0
260.1999909877777,0,63,0,0,0.0
260.3248801231384,0,63,0,0,0.0
260.4356601238251,0,63,0,0,0.0
260.5600230693817,0,64,0,8,8.0
260.6726760864258,0,64,0,0,0.0
260.7963161468506,0,64,0,0,0.0
260.9337079524994,0,63,0,-7,7.0
261.0677721500397,0,64,0,7,7.0
261.203241109848,0,63,1,-7,7.0710678118654755
261.327632188797,0,65,-2099,16,2099.060980533915
261.4617760181427,0,64,0,-7,7.0
261.59896898269653,0,64,0,0,0.0
261.73063707351685,0,63,0,-7,7.0
261.8660840988159,0,63,0,0,0.0
262.0010280609131,0,63,0,0,0.0
262.16824316978455,0,63,0,0,0.0
262.300332069397,0,63,0,0,0.0
262.47747015953064,0,63,0,0,0.0
262.6017050743103,0,63,0,0,0.0
262.74447989463806,0,63,0,0,0.0
262.86100602149963,0,63,0,0,0.0
262.99563002586365,0,62,0,-7,7.0
263.1291720867157,0,63,0,7,7.0
263.27527022361755,0,63,0,0,0.0
263.4412291049957,0,63,0,0,0.0
263.57386589050293,0,63,0,0,0.0
263.6972589492798,0,63,0,0,0.0
263.83314299583435,0,62,0,-7,7.0
263.94490694999695,0,63,0,8,8.0
264.0651071071625,0,63,0,0,0.0
264.168172121048,0,63,0,0,0.0
264.30338406562805,0,63,0,0,0.0
264.43632102012634,0,62,0,-7,7.0
264.56117129325867,0,63,0,8,8.0
264.6620111465454,0,63,0,0,0.0
264.7718629837036,0,62,0,-9,9.0
264.89650201797485,0,62,0,0,0.0
265.0331380367279,0,62,0,0,0.0
265.1348111629486,0,62,0,0,0.0
265.2699990272522,0,62,0,0,0.0
265.4118480682373,0,62,0,0,0.0
265.5358021259308,0,62,0,0,0.0
265.67021203041077,0,62,0,0,0.0
265.8079640865326,0,62,0,0,0.0
265.94532108306885,0,62,0,0,0.0
266.06584310531616,0,62,0,0,0.0
266.169762134552,0,63,0,9,9.0
266.3038980960846,0,63,0,0,0.0
266.4272491931915,0,62,0,-8,8.0
266.5383360385895,0,62,0,0,0.0
266.66503500938416,0,62,0,0,0.0
266.8021049499512,0,63,0,7,7.0
266.9371612071991,0,62,0,-7,7.0
267.0702350139618,0,62,0,0,0.0
267.20414209365845,0,61,0,-7,7.0
267.3045120239258,0,63,0,19,19.0
267.4418742656708,0,63,0,0,0.0
267.57864809036255,0,62,0,-7,7.0
267.7030301094055,0,61,0,-8,8.0
267.83618807792664,0,62,1,7,7.0710678118654755
267.97054719924927,0,62,-1993,0,1993.0
268.1034269332886,0,62,0,0,0.0
268.236328125,0,62,0,0,0.0
268.36949706077576,0,62,0,0,0.0
268.5140221118927,0,62,0,0,0.0
268.637234210968,0,62,0,0,0.0
268.77308320999146,0,61,0,-7,7.0
268.90837717056274,0,62,0,7,7.0
269.0441782474518,0,62,0,0,0.0
269.1777582168579,0,62,0,0,0.0
269.3017840385437,0,62,0,0,0.0
269.4367139339447,0,62,0,0,0.0
269.5715901851654,0,62,0,0,0.0
269.70809602737427,0,62,0,0,0.0
269.8334560394287,0,61,0,-7,7.0
269.98463201522827,0,62,0,6,6.0
270.1075460910797,0,62,0,0,0.0
270.2443702220917,0,61,0,-7,7.0
270.4247260093689,0,62,0,5,5.0
270.5498752593994,0,62,0,0,0.0
270.6824941635132,0,62,0,0,0.0
270.8168239593506,0,62,0,0,0.0
270.94250893592834,0,62,0,0,0.0
271.0784502029419,0,62,0,0,0.0
271.2035529613495,0,62,0,0,0.0
271.3374161720276,0,62,0,0,0.0
271.4479651451111,0,62,0,0,0.0
271.57369327545166,0,62,0,0,0.0
271.7174561023712,0,61,0,-6,6.0
271.8535039424896,0,61,0,0,0.0
271.96700406074524,0,62,0,8,8.0
272.0906250476837,0,62,0,0,0.0
272.2152681350708,0,62,0,0,0.0
272.35101890563965,0,62,0,0,0.0
272.4751341342926,0,62,0,0,0.0
272.6204102039337,0,62,0,0,0.0
272.74598813056946,0,61,0,-7,7.0
272.8802869319916,0,62,0,7,7.0
273.00347685813904,0,62,0,0,0.0
273.14027214050293,0,61,0,-7,7.0
273.2751259803772,0,62,0,7,7.0
273.4086482524872,0,62,0,0,0.0
273.54505586624146,0,61,0,-7,7.0
273.6799359321594,0,62,0,7,7.0
273.8183341026306,0,62,0,0,0.0
273.9484369754791,0,61,0,-7,7.0
274.0807271003723,0,61,0,0,0.0
274.21617007255554,0,61,0,0,0.0
274.35328912734985,0,61,0,0,0.0
274.48675084114075,0,62,0,7,7.0
274.64502024650574,0,61,1,-6,6.082762530298219
274.77994203567505,0,62,-2035,7,2035.0120392764265
274.88162302970886,0,62,0,0,0.0
275.0043921470642,0,62,0,0,0.0
275.11651706695557,0,62,0,0,0.0
275.25621604919434,0,62,0,0,0.0
275.3862361907959,0,61,0,-7,7.0
275.5137069225311,0,61,0,0,0.0
275.6593589782715,0,61,0,0,0.0
275.7755181789398,0,61,0,0,0.0
275.919890165329,0,61,0,0,0.0
276.0474679470062,0,61,0,0,0.0
276.1870381832123,0,61,0,0,0.0
276.30892300605774,0,61,0,0,0.0
276.4214069843292,0,61,0,0,0.0
276.54690408706665,0,60,0,-7,7.0
276.6804049015045,0,60,0,0,0.0
276.81334018707275,0,61,0,7,7.0
276.9601330757141,0,60,0,-6,6.0
277.08136320114136,0,60,0,0,0.0
277.2059440612793,0,61,0,8,8.0
277.35089921951294,0,60,0,-6,6.0
277.48503589630127,0,59,0,-7,7.0
277.68918800354004,0,61,0,9,9.0
277.88180804252625,0,61,0,0,0.0
278.0179829597473,0,61,0,0,0.0
278.1514811515808,0,61,0,0,0.0
278.27625608444214,0,60,0,-8,8.0
278.3894991874695,0,59,0,-8,8.0
278.5836021900177,0,61,0,10,10.0
278.7191460132599,0,61,0,0,0.0
278.84225821495056,0,61,0,0,0.0
278.9543159008026,0,60,0,-8,8.0
279.07856702804565,0,60,0,0,0.0
279.2156500816345,0,61,0,7,7.0
279.3500039577484,0,60,0,-7,7.0
279.4846701622009,0,60,0,0,0.0
279.6178951263428,0,60,0,0,0.0
279.75257205963135,0,61,0,7,7.0
279.8864731788635,0,59,0,-14,14.0
280.02156805992126,0,59,0,0,0.0
280.1465940475464,0,59,0,0,0.0
280.25541615486145,0,59,0,0,0.0
280.383150100708,0,60,0,7,7.0
280.51728105545044,0,60,0,0,0.0
280.6540729999542,0,59,0,-7,7.0
280.7779381275177,0,59,0,0,0.0
280.91308522224426,0,61,0,14,14.0
281.02848720550537,0,61,0,0,0.0
281.1507611274719,0,60,0,-8,8.0
281.29452991485596,0,60,0,0,0.0
281.41629004478455,0,60,1,0,1.0
281.5494830608368,0,60,-2112,0,2112.0
281.6883339881897,0,59,0,-7,7.0
281.82105803489685,0,59,0,0,0.0
281.94412112236023,0,59,0,0,0.0
282.05458402633667,0,61,0,18,18.0
282.1876149177551,0,60,0,-7,7.0
282.3126771450043,0,59,0,-7,7.0
282.44891119003296,0,59,0,0,0.0
282.58356189727783,0,59,0,0,0.0
282.7194468975067,0,59,0,0,0.0
282.8551330566406,0,60,0,7,7.0
282.9786570072174,0,59,0,-8,8.0
283.0913190841675,0,59,0,0,0.0
283.1924431324005,0,58,0,-9,9.0
283.3140981197357,0,59,0,8,8.0
283.4253349304199,0,59,0,0,0.0
283.55182099342346,0,58,0,-7,7.0
283.6864540576935,0,59,0,7,7.0
283.8212149143219,0,59,0,0,0.0
283.9554579257965,0,59,0,0,0.0
284.08043694496155,0,59,0,0,0.0
284.19171595573425,0,58,0,-8,8.0
284.32433104515076,0,59,0,7,7.0
284.4245159626007,0,59,0,0,0.0
284.5303580760956,0,58,0,-9,9.0
284.65260004997253,0,58,0,0,0.0
284.7585470676422,0,58,0,0,0.0
284.89294815063477,0,59,0,7,7.0
285.0174150466919,0,59,0,0,0.0
285.1310250759125,0,59,0,0,0.0
285.2630350589752,0,59,0,0,0.0
285.42114305496216,0,58,0,-6,6.0
285.5233051776886,0,58,0,0,0.0
285.6599600315094,0,58,0,0,0.0
285.79135608673096,0,58,0,0,0.0
285.9260530471802,0,58,0,0,0.0
286.0819959640503,0,59,0,6,6.0
286.1953661441803,0,59,0,0,0.0
286.3312702178955,0,59,0,0,0.0
286.45752906799316,0,59,0,0,0.0
286.5919280052185,0,59,0,0,0.0
286.72916293144226,0,59,0,0,0.0
286.82976722717285,0,59,0,0,0.0
286.95232605934143,0,58,0,-8,8.0
287.05605006217957,0,58,0,0,0.0
287.15765023231506,0,58,0,0,0.0
287.2945990562439,0,58,0,0,0.0
287.43109798431396,0,59,0,7,7.0
287.56557607650757,0,58,0,-7,7.0
287.69122099876404,0,59,0,7,7.0
287.7998330593109,0,58,1,-9,9.055385138137417
287.92814111709595,0,58,-2243,0,2243.0
288.03661608695984,0,58,0,0,0.0
288.1616590023041,0,58,0,0,0.0
288.28623509407043,0,58,0,0,0.0
288.38791608810425,0,57,0,-9,9.0
288.5363121032715,0,58,0,6,6.0
288.6587481498718,0,58,0,0,0.0
288.78303503990173,0,58,0,0,0.0
288.9274101257324,0,57,0,-6,6.0
289.0297100543976,0,58,0,9,9.0
289.1521940231323,0,58,0,0,0.0
289.26506304740906,0,57,0,-8,8.0
289.3886260986328,0,58,0,8,8.0
289.5011739730835,0,58,0,0,0.0
289.60226821899414,0,58,0,0,0.0
289.73818707466125,0,58,0,0,0.0
289.90695309638977,0,58,0,0,0.0
290.0434491634369,0,58,0,0,0.0
290.167964220047,0,58,0,0,0.0
290.2947840690613,0,58,0,0,0.0
290.428493976593,0,57,0,-7,7.0
290.5754690170288,0,58,0,6,6.0
290.6946020126343,0,58,0,0,0.0
290.7985808849335,0,58,0,0,0.0
290.93295407295227,0,58,0,0,0.0
291.06211400032043,0,57,0,-7,7.0
291.1733160018921,0,58,0,8,8.0
291.2990372180939,0,58,0,0,0.0
291.4339282512665,0,58,0,0,0.0
291.5589520931244,0,58,0,0,0.0
291.6584470272064,0,58,0,0,0.0
291.7930030822754,0,58,0,0,0.0
291.93770694732666,0,57,0,-6,6.0
292.0650632381439,0,58,0,7,7.0
292.1987850666046,0,58,0,0,0.0
292.33219718933105,0,58,0,0,0.0
292.45754408836365,0,58,0,0,0.0
292.60303711891174,0,58,0,0,0.0
292.73820209503174,0,58,0,0,0.0
292.8731460571289,0,58,0,0,0.0
293.00855708122253,0,58,0,0,0.0
293.1355528831482,0,57,0,-7,7.0
293.27107310295105,0,58,0,7,7.0
293.3937590122223,0,58,0,0,0.0
293.49483585357666,0,57,0,-9,9.0
293.642539024353,0,58,0,6,6.0
293.7764091491699,0,58,0,0,0.0
293.8988971710205,0,58,0,0,0.0
294.0098569393158,0,57,0,-9,9.0
294.1452751159668,0,58,0,7,7.0
294.2607390880585,0,58,1,0,1.0
294.4052782058716,0,58,-2035,0,2035.0
294.5322139263153,0,58,0,0,0.0
294.64477801322937,0,57,0,-8,8.0
294.76989006996155,0,58,0,7,7.0
294.90350818634033,0,58,0,0,0.0
295.0057740211487,0,58,0,0,0.0
295.1294701099396,0,58,0,0,0.0
295.2320899963379,0,58,0,0,0.0
295.37881326675415,0,58,0,0,0.0
295.4923188686371,0,57,0,-8,8.0
295.6065242290497,0,57,0,0,0.0
295.7308909893036,0,57,0,0,0.0
295.8324201107025,0,57,0,0,0.0
295.93203020095825,0,57,0,0,0.0
296.0441641807556,0,57,0,0,0.0
296.16627192497253,0,57,0,0,0.0
296.30098605155945,0,58,0,7,7.0
296.43854808807373,0,57,0,-7,7.0
296.5649881362915,0,57,0,0,0.0
296.706032037735,0,57,0,0,0.0
296.84060311317444,0,57,0,0,0.0
296.9656901359558,0,57,0,0,0.0
297.10304498672485,0,57,0,0,0.0
297.2295870780945,0,57,0,0,0.0
297.3654131889343,0,57,0,0,0.0
297.4995880126953,0,57,0,0,0.0
297.6030550003052,0,57,0,0,0.0
297.7388210296631,0,57,0,0,0.0
297.86501288414,0,57,0,0,0.0
297.97620606422424,0,57,0,0,0.0
298.10082030296326,0,57,0,0,0.0
298.2123692035675,0,57,0,0,0.0
298.33710408210754,0,57,0,0,0.0
298.43815207481384,0,57,0,0,0.0
298.56140995025635,0,57,0,0,0.0
298.67392921447754,0,58,0,8,8.0
298.79750394821167,0,57,0,-8,8.0
298.89767122268677,0,57,0,0,0.0
298.9990620613098,0,57,0,0,0.0
299.11080503463745,0,57,0,0,0.0
299.2444431781769,0,57,0,0,0.0
299.37376713752747,0,57,0,0,0.0
299.4761161804199,0,57,0,0,0.0
299.6017892360687,0,57,0,0,0.0
299.73844504356384,0,57,0,0,0.0
299.87138295173645,0,57,0,0,0.0
300.00819301605225,0,56,0,-7,7.0
300.13210701942444,0,56,0,0,0.0
300.2440650463104,0,56,0,0,0.0
300.3688099384308,0,56,0,0,0.0
300.51362705230713,0,58,1,13,13.038404810405298
300.6387188434601,0,57,-2402,-7,2402.010199811816
300.7627251148224,0,57,0,0,0.0
300.8750650882721,0,56,0,-8,8.0
300.9992690086365,0,56,0,0,0.0
301.11170721054077,0,56,0,0,0.0
301.21618604660034,0,56,0,0,0.0
301.34084391593933,0,56,0,0,0.0
301.4653081893921,0,56,0,0,0.0
301.5783631801605,0,55,0,-8,8.0
301.7141411304474,0,56,0,7,7.0
301.8391420841217,0,56,0,0,0.0
301.97148299217224,0,56,0,0,0.0
302.0742199420929,0,57,0,9,9.0
302.2070801258087,0,57,0,0,0.0
302.29926228523254,0,57,0,0,0.0
302.413113117218,0,57,0,0,0.0
302.5360219478607,0,57,0,0,0.0
302.67110300064087,0,57,0,0,0.0
302.80476903915405,0,57,0,0,0.0
302.9377341270447,0,56,0,-7,7.0
303.04830408096313,0,56,0,0,0.0
303.18105006217957,0,56,0,0,0.0
303.3157591819763,0,56,0,0,0.0
303.44225311279297,0,56,0,0,0.0
303.5445251464844,0,57,0,9,9.0
303.6702210903168,0,57,0,0,0.0
303.77284812927246,0,57,0,0,0.0
303.90722012519836,0,57,0,0,0.0
304.043585062027,0,57,0,0,0.0
304.1811320781708,0,57,0,0,0.0
304.3151741027832,0,56,0,-7,7.0
304.4518811702728,0,56,0,0,0.0
304.5761420726776,0,56,0,0,0.0
304.7121560573578,0,56,0,0,0.0
304.8154101371765,0,55,0,-9,9.0
304.9404790401459,0,56,0,7,7.0
305.07629799842834,0,56,0,0,0.0
305.2094900608063,0,56,0,0,0.0
305.31205797195435,0,56,0,0,0.0
305.4456901550293,0,56,0,0,0.0
305.5488750934601,0,57,0,9,9.0
305.6719479560852,0,56,0,-8,8.0
305.7739682197571,0,56,0,0,0.0
305.88487815856934,0,56,0,0,0.0
306.00804710388184,0,56,0,0,0.0
306.117849111557,0,57,0,9,9.0
306.25166726112366,0,56,0,-7,7.0
306.37630009651184,0,56,0,0,0.0
306.5121650695801,0,56,0,0,0.0
306.64813899993896,0,56,0,0,0.0
306.78406023979187,0,55,1,-7,7.0710678118654755
306.9091351032257,0,56,-2452,7,2452.009991823035
307.042475938797,0,56,0,0,0.0
307.176185131073,0,56,0,0,0.0
307.27829599380493,0,56,0,0,0.0
307.4145851135254,0,56,0,0,0.0
307.5488119125366,0,56,0,0,0.0
307.6602830886841,0,56,0,0,0.0
307.78506803512573,0,56,0,0,0.0
307.9228971004486,0,55,0,-7,7.0
308.0541260242462,0,55,0,0,0.0
308.1818060874939,0,55,0,0,0.0
308.3172001838684,0,55,0,0,0.0
308.4189579486847,0,55,0,0,0.0
308.5509159564972,0,56,0,7,7.0
308.6773281097412,0,56,0,0,0.0
308.790580034256,0,56,0,0,0.0
308.9127690792084,0,56,0,0,0.0
309.04791021347046,0,55,0,-7,7.0
309.18226289749146,0,55,0,0,0.0
309.31898307800293,0,55,0,0,0.0
309.44312596321106,0,54,0,-8,8.0
309.553719997406,0,54,0,0,0.0
309.6793141365051,0,55,0,7,7.0
309.8144271373749,0,55,0,0,0.0
309.95002698898315,0,56,0,7,7.0
310.07481813430786,0,55,0,-8,8.0
310.17586517333984,0,54,0,-9,9.0
310.27711606025696,0,54,0,0,0.0
310.3794410228729,0,54,0,0,0.0
310.49034905433655,0,54,0,0,0.0
310.6068739891052,0,54,0,0,0.0
310.72013998031616,0,54,0,0,0.0
310.8211991786957,0,54,0,0,0.0
310.9465410709381,0,54,0,0,0.0
311.05914521217346,0,54,0,0,0.0
311.18301796913147,0,53,0,-8,8.0
311.31613206863403,0,54,0,7,7.0
311.44178104400635,0,54,0,0,0.0
311.5875680446625,0,55,0,6,6.0
311.7131950855255,0,55,0,0,0.0
311.8490800857544,0,54,0,-7,7.0
311.9617929458618,0,54,0,0,0.0
312.08891701698303,0,54,0,0,0.0
312.2218391895294,0,54,0,0,0.0
312.3460168838501,0,54,0,0,0.0
312.4815411567688,0,54,0,0,0.0
312.58392906188965,0,54,0,0,0.0
312.7189691066742,0,54,0,0,0.0
312.82072710990906,0,54,0,0,0.0
312.9547071456909,0,54,0,0,0.0
313.0929219722748,0,54,1,0,1.0
313.2211618423462,0,54,-2441,0,2441.0
313.3439211845398,0,55,0,8,8.0
313.4817340373993,0,55,0,0,0.0
313.6254551410675,0,54,0,-6,6.0
313.7491829395294,0,54,0,0,0.0
313.88495111465454,0,54,0,0,0.0
314.021812915802,0,53,0,-7,7.0
314.14704608917236,0,53,0,0,0.0
314.24989008903503,0,54,0,9,9.0
314.3871989250183,0,53,0,-7,7.0
314.521427154541,0,53,0,0,0.0
314.65868306159973,0,54,0,7,7.0
314.75807213783264,0,53,0,-10,10.0
314.8935751914978,0,54,0,7,7.0
315.0292809009552,0,54,0,0,0.0
315.1515009403229,0,53,0,-8,8.0
315.25565791130066,0,54,0,9,9.0
315.35963201522827,0,53,0,-9,9.0
315.4843351840973,0,54,0,8,8.0
315.6218931674957,0,53,0,-7,7.0
315.7557120323181,0,54,0,7,7.0
315.8591220378876,0,53,0,-9,9.0
315.98472118377686,0,53,0,0,0.0
316.1252462863922,0,53,0,0,0.0
316.2586181163788,0,53,0,0,0.0
316.38349628448486,0,53,0,0,0.0
316.518568277359,0,53,0,0,0.0
316.6570210456848,0,53,0,0,0.0
316.7882878780365,0,53,0,0,0.0
316.8893811702728,0,53,0,0,0.0
316.98853182792664,0,54,0,10,10.0
317.08830523490906,0,54,0,0,0.0
317.19079399108887,0,53,0,-9,9.0
317.31370210647583,0,53,0,0,0.0
317.4257881641388,0,53,0,0,0.0
317.52855014801025,0,53,0,0,0.0
317.6552710533142,0,53,0,0,0.0
317.788850069046,0,53,0,0,0.0
317.9245491027832,0,53,0,0,0.0
318.0277650356293,0,53,0,0,0.0
318.1518051624298,0,53,0,0,0.0
318.25543117523193,0,53,0,0,0.0
318.3590838909149,0,53,0,0,0.0
318.4917769432068,0,54,0,7,7.0
318.6160750389099,0,54,0,0,0.0
318.71793723106384,0,54,0,0,0.0
318.8528800010681,0,54,0,0,0.0
319.02110624313354,0,53,0,-5,5.0
319.1562490463257,0,53,0,0,0.0
319.25847911834717,0,53,0,0,0.0
319.3923649787903,0,53,1,0,1.0
319.52924704551697,0,53,-2333,0,2333.0
319.6530222892761,0,53,0,0,0.0
319.7989270687103,0,53,0,0,0.0
319.8979911804199,0,53,0,0,0.0
320.0221621990204,0,53,0,0,0.0
320.13409209251404,0,53,0,0,0.0
320.255597114563,0,53,0,0,0.0
320.3874542713165,0,52,0,-7,7.0
320.48851919174194,0,53,0,9,9.0
320.6218421459198,0,53,0,0,0.0
320.7245991230011,0,53,0,0,0.0
320.86141419410706,0,53,0,0,0.0
320.9879789352417,0,53,0,0,0.0
321.1231610774994,0,53,0,0,0.0
321.2580680847168,0,53,0,0,0.0
321.3940999507904,0,53,0,0,0.0
321.5251979827881,0,53,0,0,0.0
321.66460609436035,0,52,0,-7,7.0
321.9269881248474,0,53,0,3,3.0
322.09325408935547,0,53,0,0,0.0
322.1945152282715,0,52,0,-9,9.0
322.32933712005615,0,53,0,7,7.0
322.46473813056946,0,53,0,0,0.0
322.5908761024475,0,53,0,0,0.0
322.69063115119934,0,53,0,0,0.0
322.8244731426239,0,53,0,0,0.0
322.9603581428528,0,53,0,0,0.0
323.05957293510437,0,53,0,0,0.0
323.1960380077362,0,53,0,0,0.0
323.32646799087524,0,53,0,0,0.0
323.4307200908661,0,52,0,-9,9.0
323.56742906570435,0,53,0,7,7.0
323.6679232120514,0,53,0,0,0.0
323.8002531528473,0,53,0,0,0.0
323.902526140213,0,53,0,0,0.0
324.0256550312042,0,53,0,0,0.0
324.15995693206787,0,53,0,0,0.0
324.2923240661621,0,53,0,0,0.0
324.39369201660156,0,53,0,0,0.0
324.5286271572113,0,53,0,0,0.0
324.66306495666504,0,53,0,0,0.0
324.8014829158783,0,52,0,-7,7.0
324.93700909614563,0,53,0,7,7.0
325.06501388549805,0,52,0,-7,7.0
325.1987271308899,0,52,0,0,0.0
325.3339149951935,0,52,0,0,0.0
325.465754032135,0,53,0,7,7.0
325.5908908843994,0,52,0,-7,7.0
325.72639513015747,0,52,0,0,0.0
325.8656060695648,0,52,0,0,0.0
325.96796107292175,0,52,1,0,1.0
326.09516620635986,0,52,-2562,0,2562.0
326.22764706611633,0,53,0,7,7.0
326.33604288101196,0,52,0,-9,9.0
326.4586350917816,0,52,0,0,0.0
326.55988597869873,0,53,0,9,9.0
326.672265291214,0,52,0,-8,8.0
326.7955410480499,0,52,0,0,0.0
326.89799308776855,0,52,0,0,0.0
327.031934261322,0,52,0,0,0.0
327.1680190563202,0,52,0,0,0.0
327.29511404037476,0,53,0,7,7.0
327.3959701061249,0,53,0,0,0.0
327.52922105789185,0,53,0,0,0.0
327.6701731681824,0,53,0,0,0.0
327.8028621673584,0,52,0,-7,7.0
327.92861104011536,0,52,0,0,0.0
328.0274999141693,0,52,0,0,0.0
328.1275451183319,0,52,0,0,0.0
328.2709710597992,0,52,0,0,0.0
328.3990170955658,0,52,0,0,0.0
328.5347239971161,0,52,0,0,0.0
328.66032099723816,0,52,0,0,0.0
328.77203822135925,0,52,0,0,0.0
328.89049911499023,0,52,0,0,0.0
329.06043696403503,0,52,0,0,0.0
329.19969296455383,0,52,0,0,0.0
329.33266401290894,0,52,0,0,0.0
329.46638202667236,0,52,0,0,0.0
329.69498801231384,0,52,0,0,0.0
329.93991112709045,0,52,0,0,0.0
330.0761241912842,0,52,0,0,0.0
330.23026514053345,0,53,0,6,6.0
330.3313698768616,0,52,0,-9,9.0
330.4314270019531,0,52,0,0,0.0
330.5430040359497,0,52,0,0,0.0
330.64448404312134,0,52,0,0,0.0
330.76792907714844,0,52,0,0,0.0
330.90215611457825,0,52,0,0,0.0
331.0371639728546,0,52,0,0,0.0
331.16233706474304,0,52,0,0,0.0
331.26455998420715,0,52,0,0,0.0
331.36786103248596,0,53,0,9,9.0
331.46950006484985,0,53,0,0,0.0
331.56947803497314,0,52,0,-10,10.0
331.708683013916,0,52,0,0,0.0
331.8419420719147,0,53,0,7,7.0
331.965448141098,0,52,0,-8,8.0
332.06750202178955,0,52,0,0,0.0
332.19817304611206,0,52,0,0,0.0
332.30258107185364,0,53,0,9,9.0
332.4390549659729,0,52,1,-7,7.0710678118654755
332.5664710998535,0,52,-2609,0,2609.0
332.7018520832062,0,52,0,0,0.0
332.8453061580658,0,51,0,-6,6.0
332.96953105926514,0,52,0,8,8.0
333.0817000865936,0,52,0,0,0.0
333.2062680721283,0,53,0,8,8.0
333.3300931453705,0,53,0,0,0.0
333.43172907829285,0,52,0,-9,9.0
333.5443420410156,0,52,0,0,0.0
333.6671931743622,0,52,0,0,0.0
333.7782709598541,0,52,0,0,0.0
333.8675329685211,0,52,0,0,0.0
333.96809911727905,0,52,0,0,0.0
334.1036252975464,0,52,0,0,0.0
334.2044451236725,0,52,0,0,0.0
334.3405239582062,0,52,0,0,0.0
334.4743411540985,0,52,0,0,0.0
334.57618498802185,0,52,0,0,0.0
334.70165491104126,0,52,0,0,0.0
334.8363370895386,0,51,0,-7,7.0
334.93931794166565,0,51,0,0,0.0
335.04153203964233,0,52,0,9,9.0
335.1449570655823,0,52,0,0,0.0
335.28069710731506,0,52,0,0,0.0
335.40235900878906,0,52,0,0,0.0
335.50412702560425,0,52,0,0,0.0
335.60586810112,0,52,0,0,0.0
335.7405970096588,0,52,0,0,0.0
335.8664171695709,0,52,0,0,0.0
335.97718024253845,0,52,0,0,0.0
336.09958696365356,0,52,0,0,0.0
336.2119040489197,0,50,0,-17,17.0
336.34770822525024,0,52,0,14,14.0
336.47264194488525,0,52,0,0,0.0
336.6195430755615,0,52,0,0,0.0
336.7808041572571,0,52,0,0,0.0
336.91076612472534,0,52,0,0,0.0
337.05853724479675,0,51,0,-6,6.0
337.21373105049133,0,50,0,-6,6.0
337.3376302719116,0,52,0,16,16.0
337.4716920852661,0,52,0,0,0.0
337.5728180408478,0,52,0,0,0.0
337.67557287216187,0,52,0,0,0.0
337.8094210624695,0,52,0,0,0.0
337.91229796409607,0,52,0,0,0.0
338.03693103790283,0,52,0,0,0.0
338.1494719982147,0,51,0,-8,8.0
338.28043603897095,0,51,0,0,0.0
338.40679812431335,0,52,0,7,7.0
338.50804018974304,0,52,0,0,0.0
338.6097550392151,0,52,1,0,1.0
338.70999813079834,0,52,-3377,0,3377.0
338.8466658592224,0,52,0,0,0.0
338.9833400249481,0,52,0,0,0.0
339.1095778942108,0,52,0,0,0.0
339.2094099521637,0,52,0,0,0.0
339.33307218551636,0,51,0,-8,8.0
339.44398617744446,0,51,0,0,0.0
339.5785710811615,0,52,0,7,7.0
339.6802270412445,0,51,0,-9,9.0
339.7854859828949,0,51,0,0,0.0
339.9095380306244,0,51,0,0,0.0
340.04633498191833,0,50,0,-7,7.0
340.1790680885315,0,51,0,7,7.0
340.3114459514618,0,51,0,0,0.0
340.4451251029968,0,52,0,7,7.0
340.54518008232117,0,52,0,0,0.0
340.6773190498352,0,52,0,0,0.0
340.77833223342896,0,52,0,0,0.0
340.9550840854645,0,52,0,0,0.0
341.09078907966614,0,51,0,-7,7.0
341.21336698532104,0,51,0,0,0.0
341.31469202041626,0,51,0,0,0.0
341.44889998435974,0,52,0,7,7.0
341.552139043808,0,52,0,0,0.0
341.65329909324646,0,52,0,0,0.0
341.7874810695648,0,51,0,-7,7.0
341.8782241344452,0,50,0,-11,11.0
342.01486992836,0,50,0,0,0.0
342.1200671195984,0,50,0,0,0.0
342.255576133728,0,51,0,7,7.0
342.37724900245667,0,51,0,0,0.0
342.4785499572754,0,51,0,0,0.0
342.58097982406616,0,51,0,0,0.0
342.7168629169464,0,50,0,-7,7.0
342.8483691215515,0,51,0,7,7.0
342.97102308273315,0,51,0,0,0.0
343.08692026138306,0,50,0,-8,8.0
343.2096529006958,0,50,0,0,0.0
343.34239506721497,0,50,0,0,0.0
343.4533438682556,0,50,0,0,0.0
343.5809142589569,0,50,0,0,0.0
343.7180690765381,0,50,0,0,0.0
343.82010102272034,0,50,0,0,0.0
343.9433991909027,0,50,0,0,0.0
344.0553252696991,0,50,0,0,0.0
344.1807930469513,0,51,0,7,7.0
344.31627893447876,0,51,0,0,0.0
344.45494294166565,0,51,0,0,0.0
344.5880959033966,0,52,0,7,7.0
344.688246011734,0,51,0,-9,9.0
344.81415700912476,0,51,1,0,1.0
344.9140999317169,0,50,-3450,-10,3450.0144927231827
345.0470290184021,0,50,0,0,0.0
345.1808202266693,0,50,0,0,0.0
345.2815489768982,0,50,0,0,0.0
345.3815619945526,0,50,0,0,0.0
345.4917359352112,0,49,0,-9,9.0
345.6241021156311,0,50,0,7,7.0
345.7572000026703,0,49,0,-7,7.0
345.89039516448975,0,50,0,7,7.0
346.0163559913635,0,50,0,0,0.0
346.11905908584595,0,50,0,0,0.0
346.2193400859833,0,50,0,0,0.0
346.3205361366272,0,50,0,0,0.0
346.4235329627991,0,50,0,0,0.0
346.5465741157532,0,50,0,0,0.0
346.647469997406,0,50,0,0,0.0
346.7548520565033,0,50,0,0,0.0
346.88951802253723,0,50,0,0,0.0
347.02725291252136,0,50,0,0,0.0
347.1542510986328,0,51,0,7,7.0
347.2539849281311,0,50,0,-10,10.0
347.35593485832214,0,50,0,0,0.0
347.4797649383545,0,50,0,0,0.0
347.58932399749756,0,50,0,0,0.0
347.69067788124084,0,49,0,-9,9.0
347.81719398498535,0,50,0,7,7.0
347.9481372833252,0,50,0,0,0.0
348.0505619049072,0,50,0,0,0.0
348.1768391132355,0,49,0,-7,7.0
348.28786516189575,0,50,0,9,9.0
348.4254231452942,0,50,0,0,0.0
348.55963802337646,0,50,0,0,0.0
348.68103313446045,0,49,0,-8,8.0
348.7816481590271,0,50,0,9,9.0
348.88383197784424,0,50,0,0,0.0
348.9864161014557,0,49,0,-9,9.0
349.0995969772339,0,50,0,8,8.0
349.2142000198364,0,50,0,0,0.0
349.31470823287964,0,49,0,-9,9.0
349.41472911834717,0,50,0,9,9.0
349.5578999519348,0,49,0,-6,6.0
349.6567280292511,0,50,0,10,10.0
349.79423809051514,0,50,0,0,0.0
349.91776990890503,0,49,0,-8,8.0
350.03202509880066,0,50,0,8,8.0
350.15664410591125,0,49,0,-8,8.0
350.25658416748047,0,50,0,10,10.0
350.3898868560791,0,49,0,-7,7.0
350.4898762702942,0,50,0,10,10.0
350.591676235199,0,49,0,-9,9.0
350.7247290611267,0,50,1,7,7.0710678118654755
350.8590052127838,0,49,-2611,-7,2611.0093833611554
350.98451924324036,0,50,0,7,7.0
351.1005890369415,0,49,0,-8,8.0
351.2216329574585,0,49,0,0,0.0
351.3213129043579,0,49,0,0,0.0
351.42406392097473,0,50,0,9,9.0
351.5240671634674,0,49,0,-9,9.0
351.65798115730286,0,50,0,7,7.0
351.795284986496,0,49,0,-7,7.0
351.9199709892273,0,49,0,0,0.0
352.02099204063416,0,50,0,9,9.0
352.1214551925659,0,49,0,-9,9.0
352.2567210197449,0,49,0,0,0.0
352.35764718055725,0,50,0,9,9.0
352.4594280719757,0,50,0,0,0.0
352.5954689979553,0,49,0,-7,7.0
352.7207531929016,0,49,0,0,0.0
352.821102142334,0,49,0,0,0.0
352.921266078949,0,49,0,0,0.0
353.02260303497314,0,49,0,0,0.0
353.12440490722656,0,49,0,0,0.0
353.229914188385,0,50,0,9,9.0
353.3545000553131,0,49,0,-8,8.0
353.4572992324829,0,49,0,0,0.0
353.55715918540955,0,50,0,10,10.0
353.65989899635315,0,49,0,-9,9.0
353.7963252067566,0,50,0,7,7.0
353.962198972702,0,49,0,-6,6.0
354.0902509689331,0,49,0,0,0.0
354.2235541343689,0,50,0,7,7.0
354.3586599826813,0,49,0,-7,7.0
354.46167397499084,0,49,0,0,0.0
354.5648202896118,0,50,0,9,9.0
354.6883351802826,0,49,0,-8,8.0
354.7978820800781,0,50,0,9,9.0
354.8968119621277,0,49,0,-10,10.0
354.9978768825531,0,49,0,0,0.0
355.12404108047485,0,49,0,0,0.0
355.25888204574585,0,49,0,0,0.0
355.3935101032257,0,49,0,0,0.0
355.5313582420349,0,49,0,0,0.0
355.6542739868164,0,49,0,0,0.0
355.7655882835388,0,49,0,0,0.0
355.86640095710754,0,49,0,0,0.0
355.99096608161926,0,49,0,0,0.0
356.09523820877075,0,49,0,0,0.0
356.22371912002563,0,49,0,0,0.0
356.32330203056335,0,49,0,0,0.0
356.42595505714417,0,49,0,0,0.0
356.5265471935272,0,49,0,0,0.0
356.6693229675293,0,49,1,0,1.0
356.7595360279083,0,49,-3953,0,3953.0
356.86079812049866,0,49,0,0,0.0
356.9616050720215,0,49,0,0,0.0
357.06303906440735,0,49,0,0,0.0
357.1945860385895,0,49,0,0,0.0
357.30667304992676,0,48,0,-8,8.0
357.4206283092499,0,49,0,8,8.0
357.53107595443726,0,49,0,0,0.0
357.6663279533386,0,49,0,0,0.0
357.7887101173401,0,49,0,0,0.0
357.9024512767792,0,49,0,0,0.0
358.0265030860901,0,49,0,0,0.0
358.12866616249084,0,48,0,-9,9.0
358.26268696784973,0,49,0,7,7.0
358.3647348880768,0,49,0,0,0.0
358.46406507492065,0,49,0,0,0.0
358.59998416900635,0,49,0,0,0.0
358.7040901184082,0,49,0,0,0.0
358.8280739784241,0,48,0,-8,8.0
358.96552324295044,0,49,0,7,7.0
359.0660500526428,0,49,0,0,0.0
359.170291185379,0,48,0,-9,9.0
359.29435896873474,0,49,0,8,8.0
359.4063239097595,0,49,0,0,0.0
359.5309979915619,0,48,0,-8,8.0
359.63176107406616,0,49,0,9,9.0
359.758633852005,0,48,0,-7,7.0
359.8628420829773,0,49,0,9,9.0
359.99676418304443,0,49,0,0,0.0
360.1350190639496,0,48,0,-7,7.0
360.26746010780334,0,49,0,7,7.0
360.3901090621948,0,49,0,0,0.0
360.50070810317993,0,49,0,0,0.0
360.63960909843445,0,49,0,0,0.0
360.7633240222931,0,49,0,0,0.0
360.90042901039124,0,49,0,0,0.0
361.00549697875977,0,48,0,-9,9.0
361.1405851840973,0,48,0,0,0.0
361.2642779350281,0,48,0,0,0.0
361.3891100883484,0,48,0,0,0.0
361.5021312236786,0,49,0,8,8.0
361.60462617874146,0,49,0,0,0.0
361.7051651477814,0,49,0,0,0.0
361.8064031600952,0,48,0,-9,9.0
361.90598917007446,0,48,0,0,0.0
362.04023694992065,0,48,0,0,0.0
362.13969707489014,0,49,0,10,10.0
362.27470993995667,0,49,0,0,0.0
362.40866923332214,0,48,0,-7,7.0
362.54059410095215,0,48,0,0,0.0
362.64057898521423,0,48,1,0,1.0
362.7639260292053,0,48,-2940,0,2940.0
362.8657031059265,0,48,0,0,0.0
363.00646901130676,0,48,0,0,0.0
363.13806319236755,0,48,0,0,0.0
363.2615022659302,0,47,0,-8,8.0
363.3720691204071,0,48,0,9,9.0
363.46333408355713,0,48,0,0,0.0
363.5649058818817,0,48,0,0,0.0
363.6670820713043,0,49,0,9,9.0
363.7681179046631,0,49,0,0,0.0
363.90210819244385,0,48,0,-7,7.0
364.01493287086487,0,48,0,0,0.0
364.13859009742737,0,48,0,0,0.0
364.27347707748413,0,48,0,0,0.0
364.3962779045105,0,48,0,0,0.0
364.5064871311188,0,49,0,9,9.0
364.63029408454895,0,49,0,0,0.0
364.74012422561646,0,48,0,-9,9.0
364.87636613845825,0,48,0,0,0.0
364.9757480621338,0,48,0,0,0.0
365.0983872413635,0,48,0,0,0.0
365.19968605041504,0,48,0,0,0.0
365.3051061630249,0,48,0,0,0.0
365.4169421195984,0,48,0,0,0.0
365.5386140346527,0,48,0,0,0.0
365.67313504219055,0,48,0,0,0.0
365.796767950058,0,48,0,0,0.0
365.9078440666199,0,48,0,0,0.0
366.0075671672821,0,48,0,0,0.0
366.10901713371277,0,47,0,-9,9.0
366.24360489845276,0,47,0,0,0.0
366.37965512275696,0,48,0,7,7.0
366.4999611377716,0,48,0,0,0.0
366.6007101535797,0,48,0,0,0.0
366.7012701034546,0,48,0,0,0.0
366.811448097229,0,48,0,0,0.0
366.9333460330963,0,48,0,0,0.0
367.0338599681854,0,48,0,0,0.0
367.13473415374756,0,48,0,0,0.0
367.2458961009979,0,48,0,0,0.0
367.36943316459656,0,48,0,0,0.0
367.4822030067444,0,48,0,0,0.0
367.60737705230713,0,48,0,0,0.0
367.7391381263733,0,47,0,-7,7.0
367.8391971588135,0,47,0,0,0.0
367.9488830566406,0,48,0,9,9.0
368.0732772350311,0,48,0,0,0.0
368.18301796913147,0,47,0,-9,9.0
368.306782245636,0,47,0,0,0.0
368.43480706214905,0,48,0,7,7.0
368.5810179710388,0,48,1,0,1.0
368.7034001350403,0,48,-3011,0,3011.0
368.8513321876526,0,47,0,-6,6.0
368.9736740589142,0,48,0,8,8.0
369.08588218688965,0,48,0,0,0.0
369.1873872280121,0,47,0,-9,9.0
369.2882630825043,0,48,0,9,9.0
369.43841004371643,0,48,0,0,0.0
369.61210322380066,0,48,0,0,0.0
369.7336301803589,0,48,0,0,0.0
369.9076578617096,0,48,0,0,0.0
370.01676416397095,0,48,0,0,0.0
370.12611508369446,0,48,0,0,0.0
370.254851102829,0,48,0,0,0.0
370.3661801815033,0,49,0,8,8.0
370.48571515083313,0,48,0,-8,8.0
370.594190120697,0,48,0,0,0.0
370.7157621383667,0,48,0,0,0.0
370.8380808830261,0,49,0,8,8.0
370.95714020729065,0,49,0,0,0.0
371.1250841617584,0,49,0,0,0.0
371.30358600616455,0,49,0,0,0.0
371.41415214538574,0,49,0,0,0.0
